
[8] 2026-07-31 15:22:22: Undefined index: date in D:\phpstudy_pro\WWW\ZhiCms\base\Template.php(92) : eval()'d code on line 98
[8] 2026-07-31 15:22:22: Undefined index: date in D:\phpstudy_pro\WWW\ZhiCms\base\Template.php(92) : eval()'d code on line 98
[8] 2026-07-31 15:22:22: Undefined index: date in D:\phpstudy_pro\WWW\ZhiCms\base\Template.php(92) : eval()'d code on line 98
[8] 2026-07-31 15:22:22: Undefined index: date in D:\phpstudy_pro\WWW\ZhiCms\base\Template.php(92) : eval()'d code on line 98
[8] 2026-07-31 15:22:22: Undefined index: date in D:\phpstudy_pro\WWW\ZhiCms\base\Template.php(92) : eval()'d code on line 98
[8] 2026-07-31 15:22:22: Undefined index: class in D:\phpstudy_pro\WWW\ZhiCms\base\Template.php(92) : eval()'d code on line 27
[8] 2026-07-31 15:22:22: Undefined index: type in D:\phpstudy_pro\WWW\ZhiCms\base\Template.php(92) : eval()'d code on line 27
[8] 2026-07-31 15:31:38: PDO::__construct(): send of 5 bytes failed with errno=10053 你的主机中的软件中止了一个已建立的连接。
 in D:\phpstudy_pro\WWW\ZhiCms\base\db\MysqlPdoDriver.php on line 250
[2] 2026-07-31 15:35:29: PDO::__construct(): MySQL server has gone away in D:\phpstudy_pro\WWW\ZhiCms\base\db\MysqlPdoDriver.php on line 250
[2] 2026-07-31 15:35:29: file_get_contents(D:\phpstudy_pro\WWW\data\cache\\tpl\502ef5051e80e93c9cf10031d7248b4e.php): failed to open stream: No such file or directory in D:\phpstudy_pro\WWW\ZhiCms\base\cache\FileCacheDriver.php on line 16
[2] 2026-07-31 15:35:31: file_get_contents(D:\phpstudy_pro\WWW\data\cache\\tpl\a623b613e324e414029af746e0fede56.php): failed to open stream: No such file or directory in D:\phpstudy_pro\WWW\ZhiCms\base\cache\FileCacheDriver.php on line 16
[2] 2026-07-31 15:36:49: Use of undefined constant APP_NAME - assumed 'APP_NAME' (this will throw an Error in a future version of PHP) in D:\phpstudy_pro\WWW\plugins\static_cache\Plugin.php on line 124
[2] 2026-07-31 15:36:52: Use of undefined constant APP_NAME - assumed 'APP_NAME' (this will throw an Error in a future version of PHP) in D:\phpstudy_pro\WWW\plugins\static_cache\Plugin.php on line 124
[2] 2026-07-31 15:38:08: Use of undefined constant APP_NAME - assumed 'APP_NAME' (this will throw an Error in a future version of PHP) in D:\phpstudy_pro\WWW\plugins\static_cache\Plugin.php on line 124
[Fatal Error] 2026-07-31 15:38:08: Cannot use try without catch or finally in D:\phpstudy_pro\WWW\app\manage\controller\PluginController.php on line 232
[2] 2026-07-31 15:38:08: Use of undefined constant APP_NAME - assumed 'APP_NAME' (this will throw an Error in a future version of PHP) in D:\phpstudy_pro\WWW\plugins\static_cache\Plugin.php on line 124
[8] 2026-07-31 15:38:08: Undefined index: class in D:\phpstudy_pro\WWW\ZhiCms\base\Template.php(92) : eval()'d code on line 27
[8] 2026-07-31 15:38:08: Undefined index: type in D:\phpstudy_pro\WWW\ZhiCms\base\Template.php(92) : eval()'d code on line 27
[2] 2026-07-31 15:40:01: Use of undefined constant APP_NAME - assumed 'APP_NAME' (this will throw an Error in a future version of PHP) in D:\phpstudy_pro\WWW\plugins\static_cache\Plugin.php on line 124
[2] 2026-07-31 15:40:01: Use of undefined constant APP_NAME - assumed 'APP_NAME' (this will throw an Error in a future version of PHP) in D:\phpstudy_pro\WWW\plugins\static_cache\Plugin.php on line 124
[2] 2026-07-31 15:43:17: PDO::__construct(): MySQL server has gone away in D:\phpstudy_pro\WWW\ZhiCms\base\db\MysqlPdoDriver.php on line 250
[2] 2026-07-31 15:43:17: Use of undefined constant APP_NAME - assumed 'APP_NAME' (this will throw an Error in a future version of PHP) in D:\phpstudy_pro\WWW\plugins\static_cache\Plugin.php on line 124
[2] 2026-07-31 15:43:17: Use of undefined constant APP_NAME - assumed 'APP_NAME' (this will throw an Error in a future version of PHP) in D:\phpstudy_pro\WWW\plugins\static_cache\Plugin.php on line 124
[2] 2026-07-31 15:43:20: Use of undefined constant APP_NAME - assumed 'APP_NAME' (this will throw an Error in a future version of PHP) in D:\phpstudy_pro\WWW\plugins\static_cache\Plugin.php on line 124
[8] 2026-07-31 21:50:16: PDO::__construct(): send of 5 bytes failed with errno=10053 你的主机中的软件中止了一个已建立的连接。
 in D:\phpstudy_pro\WWW\ZhiCms\base\db\MysqlPdoDriver.php on line 250
[2] 2026-07-31 21:50:16: Use of undefined constant APP_NAME - assumed 'APP_NAME' (this will throw an Error in a future version of PHP) in D:\phpstudy_pro\WWW\plugins\static_cache\Plugin.php on line 124
[2] 2026-07-31 21:50:16: file_get_contents(D:\phpstudy_pro\WWW\data\cache\\tpl\533f4256ae42f6551dd2379519c2a24b.php): failed to open stream: No such file or directory in D:\phpstudy_pro\WWW\ZhiCms\base\cache\FileCacheDriver.php on line 16
[2] 2026-07-31 21:50:16: file_get_contents(D:\phpstudy_pro\WWW\data\cache\\tpl\b09c015327419e9797d5a09d9a600cce.php): failed to open stream: No such file or directory in D:\phpstudy_pro\WWW\ZhiCms\base\cache\FileCacheDriver.php on line 16
[2] 2026-07-31 21:50:16: file_get_contents(D:\phpstudy_pro\WWW\data\cache\\tpl\e60564b3b2e227585f9c82657b47e52a.php): failed to open stream: No such file or directory in D:\phpstudy_pro\WWW\ZhiCms\base\cache\FileCacheDriver.php on line 16
[2] 2026-07-31 21:50:16: file_get_contents(D:\phpstudy_pro\WWW\data\cache\\tpl\8a6f2498ca8752e5241250839854deb4.php): failed to open stream: No such file or directory in D:\phpstudy_pro\WWW\ZhiCms\base\cache\FileCacheDriver.php on line 16
[Exception] 2026-07-31 21:50:16: syntax error, unexpected '}', expecting end of file in D:\phpstudy_pro\WWW\ZhiCms\base\Template.php(92) : eval()'d code on line 17
鍫嗘爤璺熻釜:
#0 D:\phpstudy_pro\WWW\ZhiCms\base\Template.php(92) : eval()'d code(218): ZhiCms\base\Template->display('app/index/view/...')
#1 D:\phpstudy_pro\WWW\ZhiCms\base\Template.php(92): eval()
#2 D:\phpstudy_pro\WWW\ZhiCms\base\Controller.php(23): ZhiCms\base\Template->display('app/index/view/...', false, true)
#3 D:\phpstudy_pro\WWW\app\index\controller\IndexController.php(98): ZhiCms\base\Controller->display()
#4 D:\phpstudy_pro\WWW\ZhiCms\base\App.php(87): app\index\controller\IndexController->index()
#5 D:\phpstudy_pro\WWW\ZhiCms\core.php(310): ZhiCms\base\App::run()
#6 D:\phpstudy_pro\WWW\index.php(5): require('D:\\phpstudy_pro...')
#7 {main}
[2] 2026-07-31 21:50:16: Use of undefined constant APP_NAME - assumed 'APP_NAME' (this will throw an Error in a future version of PHP) in D:\phpstudy_pro\WWW\plugins\static_cache\Plugin.php on line 124
[8] 2026-07-31 21:50:16: Undefined index: class in D:\phpstudy_pro\WWW\ZhiCms\base\Template.php(92) : eval()'d code on line 27
[8] 2026-07-31 21:50:16: Undefined index: type in D:\phpstudy_pro\WWW\ZhiCms\base\Template.php(92) : eval()'d code on line 27
[2] 2026-07-31 21:53:36: PDO::__construct(): MySQL server has gone away in D:\phpstudy_pro\WWW\ZhiCms\base\db\MysqlPdoDriver.php on line 250
[2] 2026-07-31 21:53:36: Use of undefined constant APP_NAME - assumed 'APP_NAME' (this will throw an Error in a future version of PHP) in D:\phpstudy_pro\WWW\plugins\static_cache\Plugin.php on line 124
[2] 2026-07-31 21:53:36: Use of undefined constant APP_NAME - assumed 'APP_NAME' (this will throw an Error in a future version of PHP) in D:\phpstudy_pro\WWW\plugins\static_cache\Plugin.php on line 124
[2] 2026-07-31 21:53:36: file_get_contents(D:\phpstudy_pro\WWW\data\cache\\tpl\f3a34462c9a16e7d2bc4abe6add17a38.php): failed to open stream: No such file or directory in D:\phpstudy_pro\WWW\ZhiCms\base\cache\FileCacheDriver.php on line 16
[2] 2026-07-31 21:53:37: Use of undefined constant APP_NAME - assumed 'APP_NAME' (this will throw an Error in a future version of PHP) in D:\phpstudy_pro\WWW\plugins\static_cache\Plugin.php on line 124
[8] 2026-07-31 21:53:37: Undefined index: class in D:\phpstudy_pro\WWW\ZhiCms\base\Template.php(92) : eval()'d code on line 27
[8] 2026-07-31 21:53:37: Undefined index: type in D:\phpstudy_pro\WWW\ZhiCms\base\Template.php(92) : eval()'d code on line 27
[2] 2026-07-31 21:53:47: Use of undefined constant APP_NAME - assumed 'APP_NAME' (this will throw an Error in a future version of PHP) in D:\phpstudy_pro\WWW\plugins\static_cache\Plugin.php on line 124
[2] 2026-07-31 21:55:57: PDO::__construct(): MySQL server has gone away in D:\phpstudy_pro\WWW\ZhiCms\base\db\MysqlPdoDriver.php on line 250
[2] 2026-07-31 21:55:57: Use of undefined constant APP_NAME - assumed 'APP_NAME' (this will throw an Error in a future version of PHP) in D:\phpstudy_pro\WWW\plugins\static_cache\Plugin.php on line 124
[Exception] 2026-07-31 21:55:57: syntax error, unexpected '}', expecting end of file in D:\phpstudy_pro\WWW\ZhiCms\base\Template.php(92) : eval()'d code on line 17
鍫嗘爤璺熻釜:
#0 D:\phpstudy_pro\WWW\ZhiCms\base\Template.php(92) : eval()'d code(218): ZhiCms\base\Template->display('app/index/view/...')
#1 D:\phpstudy_pro\WWW\ZhiCms\base\Template.php(92): eval()
#2 D:\phpstudy_pro\WWW\ZhiCms\base\Controller.php(23): ZhiCms\base\Template->display('app/index/view/...', false, true)
#3 D:\phpstudy_pro\WWW\app\index\controller\IndexController.php(98): ZhiCms\base\Controller->display()
#4 D:\phpstudy_pro\WWW\ZhiCms\base\App.php(87): app\index\controller\IndexController->index()
#5 D:\phpstudy_pro\WWW\ZhiCms\core.php(310): ZhiCms\base\App::run()
#6 D:\phpstudy_pro\WWW\index.php(5): require('D:\\phpstudy_pro...')
#7 {main}
[2] 2026-07-31 21:55:57: Use of undefined constant APP_NAME - assumed 'APP_NAME' (this will throw an Error in a future version of PHP) in D:\phpstudy_pro\WWW\plugins\static_cache\Plugin.php on line 124
[2] 2026-07-31 21:55:59: Use of undefined constant APP_NAME - assumed 'APP_NAME' (this will throw an Error in a future version of PHP) in D:\phpstudy_pro\WWW\plugins\static_cache\Plugin.php on line 124
[2] 2026-07-31 21:55:59: Use of undefined constant APP_NAME - assumed 'APP_NAME' (this will throw an Error in a future version of PHP) in D:\phpstudy_pro\WWW\plugins\static_cache\Plugin.php on line 124
[8] 2026-07-31 22:38:46: PDO::__construct(): send of 5 bytes failed with errno=10053 你的主机中的软件中止了一个已建立的连接。
 in D:\phpstudy_pro\WWW\ZhiCms\base\db\MysqlPdoDriver.php on line 250
[2] 2026-07-31 22:38:46: Use of undefined constant APP_NAME - assumed 'APP_NAME' (this will throw an Error in a future version of PHP) in D:\phpstudy_pro\WWW\plugins\static_cache\Plugin.php on line 124
[2] 2026-07-31 22:38:47: Use of undefined constant APP_NAME - assumed 'APP_NAME' (this will throw an Error in a future version of PHP) in D:\phpstudy_pro\WWW\plugins\static_cache\Plugin.php on line 124
[8] 2026-07-31 22:38:47: Undefined index: class in D:\phpstudy_pro\WWW\ZhiCms\base\Template.php(92) : eval()'d code on line 27
[8] 2026-07-31 22:38:47: Undefined index: type in D:\phpstudy_pro\WWW\ZhiCms\base\Template.php(92) : eval()'d code on line 27
[2] 2026-07-31 22:40:04: Use of undefined constant APP_NAME - assumed 'APP_NAME' (this will throw an Error in a future version of PHP) in D:\phpstudy_pro\WWW\plugins\static_cache\Plugin.php on line 124
[2] 2026-07-31 22:40:04: Use of undefined constant APP_NAME - assumed 'APP_NAME' (this will throw an Error in a future version of PHP) in D:\phpstudy_pro\WWW\plugins\static_cache\Plugin.php on line 124
[2] 2026-07-31 22:40:12: Use of undefined constant APP_NAME - assumed 'APP_NAME' (this will throw an Error in a future version of PHP) in D:\phpstudy_pro\WWW\plugins\static_cache\Plugin.php on line 124
[2] 2026-07-31 22:40:12: Use of undefined constant APP_NAME - assumed 'APP_NAME' (this will throw an Error in a future version of PHP) in D:\phpstudy_pro\WWW\plugins\static_cache\Plugin.php on line 124
[2] 2026-07-31 22:40:15: Use of undefined constant APP_NAME - assumed 'APP_NAME' (this will throw an Error in a future version of PHP) in D:\phpstudy_pro\WWW\plugins\static_cache\Plugin.php on line 124
[2] 2026-07-31 22:40:15: Use of undefined constant APP_NAME - assumed 'APP_NAME' (this will throw an Error in a future version of PHP) in D:\phpstudy_pro\WWW\plugins\static_cache\Plugin.php on line 124
[2] 2026-07-31 22:40:16: Use of undefined constant APP_NAME - assumed 'APP_NAME' (this will throw an Error in a future version of PHP) in D:\phpstudy_pro\WWW\plugins\static_cache\Plugin.php on line 124
[2] 2026-07-31 22:40:20: Use of undefined constant APP_NAME - assumed 'APP_NAME' (this will throw an Error in a future version of PHP) in D:\phpstudy_pro\WWW\plugins\static_cache\Plugin.php on line 124
[2] 2026-07-31 22:40:21: Use of undefined constant APP_NAME - assumed 'APP_NAME' (this will throw an Error in a future version of PHP) in D:\phpstudy_pro\WWW\plugins\static_cache\Plugin.php on line 124
[2] 2026-07-31 22:40:23: Use of undefined constant APP_NAME - assumed 'APP_NAME' (this will throw an Error in a future version of PHP) in D:\phpstudy_pro\WWW\plugins\static_cache\Plugin.php on line 124
[2] 2026-07-31 22:40:23: include(D:\phpstudy_pro\WWW\vendor\composer/../../app/index/controller/ErrorController.php): failed to open stream: No such file or directory in D:\phpstudy_pro\WWW\vendor\composer\ClassLoader.php on line 576
[2] 2026-07-31 22:40:23: include(): Failed opening 'D:\phpstudy_pro\WWW\vendor\composer/../../app/index/controller/ErrorController.php' for inclusion (include_path='.;C:\php\pear') in D:\phpstudy_pro\WWW\vendor\composer\ClassLoader.php on line 576
[2] 2026-07-31 22:40:23: include(D:\phpstudy_pro\WWW\vendor\composer/../../app/index/controller/ErrorController.php): failed to open stream: No such file or directory in D:\phpstudy_pro\WWW\vendor\composer\ClassLoader.php on line 576
[2] 2026-07-31 22:40:23: include(): Failed opening 'D:\phpstudy_pro\WWW\vendor\composer/../../app/index/controller/ErrorController.php' for inclusion (include_path='.;C:\php\pear') in D:\phpstudy_pro\WWW\vendor\composer\ClassLoader.php on line 576
[8] 2026-07-31 22:40:23: Undefined index: class in D:\phpstudy_pro\WWW\ZhiCms\base\Template.php(92) : eval()'d code on line 27
[8] 2026-07-31 22:40:23: Undefined index: type in D:\phpstudy_pro\WWW\ZhiCms\base\Template.php(92) : eval()'d code on line 27
[2] 2026-07-31 22:40:23: Use of undefined constant APP_NAME - assumed 'APP_NAME' (this will throw an Error in a future version of PHP) in D:\phpstudy_pro\WWW\plugins\static_cache\Plugin.php on line 124
[2] 2026-07-31 22:40:27: Use of undefined constant APP_NAME - assumed 'APP_NAME' (this will throw an Error in a future version of PHP) in D:\phpstudy_pro\WWW\plugins\static_cache\Plugin.php on line 124
[2] 2026-07-31 22:41:53: Use of undefined constant APP_NAME - assumed 'APP_NAME' (this will throw an Error in a future version of PHP) in D:\phpstudy_pro\WWW\plugins\static_cache\Plugin.php on line 124
[2] 2026-07-31 22:41:53: include(D:\phpstudy_pro\WWW\vendor\composer/../../app/index/controller/ErrorController.php): failed to open stream: No such file or directory in D:\phpstudy_pro\WWW\vendor\composer\ClassLoader.php on line 576
[2] 2026-07-31 22:41:53: include(): Failed opening 'D:\phpstudy_pro\WWW\vendor\composer/../../app/index/controller/ErrorController.php' for inclusion (include_path='.;C:\php\pear') in D:\phpstudy_pro\WWW\vendor\composer\ClassLoader.php on line 576
[2] 2026-07-31 22:41:53: include(D:\phpstudy_pro\WWW\vendor\composer/../../app/index/controller/ErrorController.php): failed to open stream: No such file or directory in D:\phpstudy_pro\WWW\vendor\composer\ClassLoader.php on line 576
[2] 2026-07-31 22:41:53: include(): Failed opening 'D:\phpstudy_pro\WWW\vendor\composer/../../app/index/controller/ErrorController.php' for inclusion (include_path='.;C:\php\pear') in D:\phpstudy_pro\WWW\vendor\composer\ClassLoader.php on line 576
[8] 2026-07-31 22:41:53: Undefined index: class in D:\phpstudy_pro\WWW\ZhiCms\base\Template.php(92) : eval()'d code on line 27
[8] 2026-07-31 22:41:53: Undefined index: type in D:\phpstudy_pro\WWW\ZhiCms\base\Template.php(92) : eval()'d code on line 27
[2] 2026-07-31 22:41:53: Use of undefined constant APP_NAME - assumed 'APP_NAME' (this will throw an Error in a future version of PHP) in D:\phpstudy_pro\WWW\plugins\static_cache\Plugin.php on line 124
[2] 2026-07-31 22:41:59: Use of undefined constant APP_NAME - assumed 'APP_NAME' (this will throw an Error in a future version of PHP) in D:\phpstudy_pro\WWW\plugins\static_cache\Plugin.php on line 124
[2] 2026-07-31 22:42:00: Use of undefined constant APP_NAME - assumed 'APP_NAME' (this will throw an Error in a future version of PHP) in D:\phpstudy_pro\WWW\plugins\static_cache\Plugin.php on line 124
[2] 2026-07-31 22:44:02: Use of undefined constant APP_NAME - assumed 'APP_NAME' (this will throw an Error in a future version of PHP) in D:\phpstudy_pro\WWW\plugins\static_cache\Plugin.php on line 124
[2] 2026-07-31 22:44:02: Use of undefined constant APP_NAME - assumed 'APP_NAME' (this will throw an Error in a future version of PHP) in D:\phpstudy_pro\WWW\plugins\static_cache\Plugin.php on line 124
[2] 2026-07-31 22:44:02: Use of undefined constant APP_NAME - assumed 'APP_NAME' (this will throw an Error in a future version of PHP) in D:\phpstudy_pro\WWW\plugins\static_cache\Plugin.php on line 124
[2] 2026-07-31 22:45:49: Use of undefined constant APP_NAME - assumed 'APP_NAME' (this will throw an Error in a future version of PHP) in D:\phpstudy_pro\WWW\plugins\static_cache\Plugin.php on line 124
[2] 2026-07-31 22:45:49: file_get_contents(D:\phpstudy_pro\WWW\data\cache\\tpl\9b04b78f37df744f52be6140ed392f38.php): failed to open stream: No such file or directory in D:\phpstudy_pro\WWW\ZhiCms\base\cache\FileCacheDriver.php on line 16
[2] 2026-07-31 22:45:49: Use of undefined constant APP_NAME - assumed 'APP_NAME' (this will throw an Error in a future version of PHP) in D:\phpstudy_pro\WWW\plugins\static_cache\Plugin.php on line 124
[2] 2026-07-31 22:46:13: Use of undefined constant APP_NAME - assumed 'APP_NAME' (this will throw an Error in a future version of PHP) in D:\phpstudy_pro\WWW\plugins\static_cache\Plugin.php on line 124
[2] 2026-07-31 22:46:13: Use of undefined constant APP_NAME - assumed 'APP_NAME' (this will throw an Error in a future version of PHP) in D:\phpstudy_pro\WWW\plugins\static_cache\Plugin.php on line 124
[2] 2026-07-31 22:46:20: Use of undefined constant APP_NAME - assumed 'APP_NAME' (this will throw an Error in a future version of PHP) in D:\phpstudy_pro\WWW\plugins\static_cache\Plugin.php on line 124
[2] 2026-07-31 22:46:20: Use of undefined constant APP_NAME - assumed 'APP_NAME' (this will throw an Error in a future version of PHP) in D:\phpstudy_pro\WWW\plugins\static_cache\Plugin.php on line 124
[2] 2026-07-31 22:46:25: Use of undefined constant APP_NAME - assumed 'APP_NAME' (this will throw an Error in a future version of PHP) in D:\phpstudy_pro\WWW\plugins\static_cache\Plugin.php on line 124
[2] 2026-07-31 22:46:25: file_get_contents(D:\phpstudy_pro\WWW\data\cache\\tpl\7bf96fab4ed8cb19c33345373a9ea191.php): failed to open stream: No such file or directory in D:\phpstudy_pro\WWW\ZhiCms\base\cache\FileCacheDriver.php on line 16
[8] 2026-07-31 22:46:25: Undefined variable: pagetext in D:\phpstudy_pro\WWW\ZhiCms\base\Template.php(92) : eval()'d code on line 6
[8] 2026-07-31 22:46:25: Undefined variable: pagetext in D:\phpstudy_pro\WWW\ZhiCms\base\Template.php(92) : eval()'d code on line 16
[8] 2026-07-31 22:46:25: Undefined variable: ret in D:\phpstudy_pro\WWW\ZhiCms\base\Template.php(92) : eval()'d code on line 22
[8] 2026-07-31 22:46:25: Undefined variable: ret in D:\phpstudy_pro\WWW\ZhiCms\base\Template.php(92) : eval()'d code on line 28
[8] 2026-07-31 22:46:25: Undefined variable: ret in D:\phpstudy_pro\WWW\ZhiCms\base\Template.php(92) : eval()'d code on line 29
[8] 2026-07-31 22:46:25: Undefined variable: ret in D:\phpstudy_pro\WWW\ZhiCms\base\Template.php(92) : eval()'d code on line 36
[8] 2026-07-31 22:46:25: Undefined variable: ret in D:\phpstudy_pro\WWW\ZhiCms\base\Template.php(92) : eval()'d code on line 46
[8] 2026-07-31 22:46:25: Undefined variable: ret in D:\phpstudy_pro\WWW\ZhiCms\base\Template.php(92) : eval()'d code on line 55
[8] 2026-07-31 22:46:25: Undefined variable: html in D:\phpstudy_pro\WWW\ZhiCms\base\Template.php(92) : eval()'d code on line 58
[2] 2026-07-31 22:46:25: Use of undefined constant APP_NAME - assumed 'APP_NAME' (this will throw an Error in a future version of PHP) in D:\phpstudy_pro\WWW\plugins\static_cache\Plugin.php on line 124
[2] 2026-07-31 22:46:58: Use of undefined constant APP_NAME - assumed 'APP_NAME' (this will throw an Error in a future version of PHP) in D:\phpstudy_pro\WWW\plugins\static_cache\Plugin.php on line 124
[2] 2026-07-31 22:46:58: Use of undefined constant APP_NAME - assumed 'APP_NAME' (this will throw an Error in a future version of PHP) in D:\phpstudy_pro\WWW\plugins\static_cache\Plugin.php on line 124
[2] 2026-07-31 22:47:05: Use of undefined constant APP_NAME - assumed 'APP_NAME' (this will throw an Error in a future version of PHP) in D:\phpstudy_pro\WWW\plugins\static_cache\Plugin.php on line 124
[8] 2026-07-31 22:47:05: Undefined variable: pagetext in D:\phpstudy_pro\WWW\ZhiCms\base\Template.php(92) : eval()'d code on line 6
[8] 2026-07-31 22:47:05: Undefined variable: pagetext in D:\phpstudy_pro\WWW\ZhiCms\base\Template.php(92) : eval()'d code on line 16
[8] 2026-07-31 22:47:05: Undefined variable: ret in D:\phpstudy_pro\WWW\ZhiCms\base\Template.php(92) : eval()'d code on line 22
[8] 2026-07-31 22:47:05: Undefined variable: ret in D:\phpstudy_pro\WWW\ZhiCms\base\Template.php(92) : eval()'d code on line 28
[8] 2026-07-31 22:47:05: Undefined variable: ret in D:\phpstudy_pro\WWW\ZhiCms\base\Template.php(92) : eval()'d code on line 29
[8] 2026-07-31 22:47:05: Undefined variable: ret in D:\phpstudy_pro\WWW\ZhiCms\base\Template.php(92) : eval()'d code on line 36
[8] 2026-07-31 22:47:05: Undefined variable: ret in D:\phpstudy_pro\WWW\ZhiCms\base\Template.php(92) : eval()'d code on line 46
[8] 2026-07-31 22:47:05: Undefined variable: ret in D:\phpstudy_pro\WWW\ZhiCms\base\Template.php(92) : eval()'d code on line 55
[8] 2026-07-31 22:47:05: Undefined variable: html in D:\phpstudy_pro\WWW\ZhiCms\base\Template.php(92) : eval()'d code on line 58
[2] 2026-07-31 22:47:05: Use of undefined constant APP_NAME - assumed 'APP_NAME' (this will throw an Error in a future version of PHP) in D:\phpstudy_pro\WWW\plugins\static_cache\Plugin.php on line 124
[2] 2026-07-31 22:47:25: Use of undefined constant APP_NAME - assumed 'APP_NAME' (this will throw an Error in a future version of PHP) in D:\phpstudy_pro\WWW\plugins\static_cache\Plugin.php on line 124
[2] 2026-07-31 22:47:25: Use of undefined constant APP_NAME - assumed 'APP_NAME' (this will throw an Error in a future version of PHP) in D:\phpstudy_pro\WWW\plugins\static_cache\Plugin.php on line 124
[2] 2026-07-31 22:47:51: Use of undefined constant APP_NAME - assumed 'APP_NAME' (this will throw an Error in a future version of PHP) in D:\phpstudy_pro\WWW\plugins\static_cache\Plugin.php on line 124
[8] 2026-07-31 22:47:51: Undefined variable: pagetext in D:\phpstudy_pro\WWW\ZhiCms\base\Template.php(92) : eval()'d code on line 6
[8] 2026-07-31 22:47:51: Undefined variable: pagetext in D:\phpstudy_pro\WWW\ZhiCms\base\Template.php(92) : eval()'d code on line 16
[8] 2026-07-31 22:47:51: Undefined variable: ret in D:\phpstudy_pro\WWW\ZhiCms\base\Template.php(92) : eval()'d code on line 22
[8] 2026-07-31 22:47:51: Undefined variable: ret in D:\phpstudy_pro\WWW\ZhiCms\base\Template.php(92) : eval()'d code on line 28
[8] 2026-07-31 22:47:51: Undefined variable: ret in D:\phpstudy_pro\WWW\ZhiCms\base\Template.php(92) : eval()'d code on line 29
[8] 2026-07-31 22:47:51: Undefined variable: ret in D:\phpstudy_pro\WWW\ZhiCms\base\Template.php(92) : eval()'d code on line 36
[8] 2026-07-31 22:47:51: Undefined variable: ret in D:\phpstudy_pro\WWW\ZhiCms\base\Template.php(92) : eval()'d code on line 46
[8] 2026-07-31 22:47:51: Undefined variable: ret in D:\phpstudy_pro\WWW\ZhiCms\base\Template.php(92) : eval()'d code on line 55
[8] 2026-07-31 22:47:51: Undefined variable: html in D:\phpstudy_pro\WWW\ZhiCms\base\Template.php(92) : eval()'d code on line 58
[2] 2026-07-31 22:47:51: Use of undefined constant APP_NAME - assumed 'APP_NAME' (this will throw an Error in a future version of PHP) in D:\phpstudy_pro\WWW\plugins\static_cache\Plugin.php on line 124
[8] 2026-07-31 23:32:05: PDO::__construct(): send of 5 bytes failed with errno=10053 你的主机中的软件中止了一个已建立的连接。
 in D:\phpstudy_pro\WWW\ZhiCms\base\db\MysqlPdoDriver.php on line 250
[2] 2026-07-31 23:32:05: Use of undefined constant APP_NAME - assumed 'APP_NAME' (this will throw an Error in a future version of PHP) in D:\phpstudy_pro\WWW\plugins\static_cache\Plugin.php on line 124
[8] 2026-07-31 23:32:06: Undefined index: name in D:\phpstudy_pro\WWW\ZhiCms\base\Template.php(92) : eval()'d code on line 15
[8] 2026-07-31 23:32:06: Undefined index: name in D:\phpstudy_pro\WWW\ZhiCms\base\Template.php(92) : eval()'d code on line 15
[8] 2026-07-31 23:32:06: Undefined index: name in D:\phpstudy_pro\WWW\ZhiCms\base\Template.php(92) : eval()'d code on line 15
[8] 2026-07-31 23:32:06: Undefined index: name in D:\phpstudy_pro\WWW\ZhiCms\base\Template.php(92) : eval()'d code on line 15
[8] 2026-07-31 23:32:06: Undefined index: name in D:\phpstudy_pro\WWW\ZhiCms\base\Template.php(92) : eval()'d code on line 15
[2] 2026-07-31 23:32:06: file_get_contents(D:\phpstudy_pro\WWW\data\cache\\tpl\4b82020563fadd5c676cfff98686c7e6.php): failed to open stream: No such file or directory in D:\phpstudy_pro\WWW\ZhiCms\base\cache\FileCacheDriver.php on line 16
[8] 2026-07-31 23:32:06: Undefined variable: act in D:\phpstudy_pro\WWW\ZhiCms\base\Template.php(92) : eval()'d code on line 170
[8] 2026-07-31 23:32:06: Undefined variable: act in D:\phpstudy_pro\WWW\ZhiCms\base\Template.php(92) : eval()'d code on line 174
[8] 2026-07-31 23:32:06: Undefined variable: act in D:\phpstudy_pro\WWW\ZhiCms\base\Template.php(92) : eval()'d code on line 178
[8] 2026-07-31 23:32:06: Undefined variable: act in D:\phpstudy_pro\WWW\ZhiCms\base\Template.php(92) : eval()'d code on line 182
[8] 2026-07-31 23:32:06: Undefined variable: act in D:\phpstudy_pro\WWW\ZhiCms\base\Template.php(92) : eval()'d code on line 182
[8] 2026-07-31 23:32:06: Undefined variable: act in D:\phpstudy_pro\WWW\ZhiCms\base\Template.php(92) : eval()'d code on line 186
[2] 2026-07-31 23:32:06: Use of undefined constant APP_NAME - assumed 'APP_NAME' (this will throw an Error in a future version of PHP) in D:\phpstudy_pro\WWW\plugins\static_cache\Plugin.php on line 124
[8] 2026-07-31 23:32:06: Undefined index: class in D:\phpstudy_pro\WWW\ZhiCms\base\Template.php(92) : eval()'d code on line 27
[8] 2026-07-31 23:32:06: Undefined index: type in D:\phpstudy_pro\WWW\ZhiCms\base\Template.php(92) : eval()'d code on line 27
[2] 2026-07-31 23:32:06: Use of undefined constant APP_NAME - assumed 'APP_NAME' (this will throw an Error in a future version of PHP) in D:\phpstudy_pro\WWW\plugins\static_cache\Plugin.php on line 124
[8] 2026-07-31 23:32:06: Undefined index: class in D:\phpstudy_pro\WWW\ZhiCms\base\Template.php(92) : eval()'d code on line 27
[8] 2026-07-31 23:32:06: Undefined index: type in D:\phpstudy_pro\WWW\ZhiCms\base\Template.php(92) : eval()'d code on line 27
[2] 2026-07-31 23:32:06: Use of undefined constant APP_NAME - assumed 'APP_NAME' (this will throw an Error in a future version of PHP) in D:\phpstudy_pro\WWW\plugins\static_cache\Plugin.php on line 124
[8] 2026-07-31 23:32:06: Undefined index: class in D:\phpstudy_pro\WWW\ZhiCms\base\Template.php(92) : eval()'d code on line 27
[8] 2026-07-31 23:32:06: Undefined index: type in D:\phpstudy_pro\WWW\ZhiCms\base\Template.php(92) : eval()'d code on line 27
[2] 2026-07-31 23:32:08: Use of undefined constant APP_NAME - assumed 'APP_NAME' (this will throw an Error in a future version of PHP) in D:\phpstudy_pro\WWW\plugins\static_cache\Plugin.php on line 124
[2] 2026-07-31 23:32:08: Use of undefined constant APP_NAME - assumed 'APP_NAME' (this will throw an Error in a future version of PHP) in D:\phpstudy_pro\WWW\plugins\static_cache\Plugin.php on line 124
[2] 2026-07-31 23:32:09: Use of undefined constant APP_NAME - assumed 'APP_NAME' (this will throw an Error in a future version of PHP) in D:\phpstudy_pro\WWW\plugins\static_cache\Plugin.php on line 124
[8] 2026-07-31 23:32:09: Undefined index: class in D:\phpstudy_pro\WWW\ZhiCms\base\Template.php(92) : eval()'d code on line 27
[8] 2026-07-31 23:32:09: Undefined index: type in D:\phpstudy_pro\WWW\ZhiCms\base\Template.php(92) : eval()'d code on line 27
[2] 2026-07-31 23:32:18: Use of undefined constant APP_NAME - assumed 'APP_NAME' (this will throw an Error in a future version of PHP) in D:\phpstudy_pro\WWW\plugins\static_cache\Plugin.php on line 124
[2] 2026-07-31 23:32:22: Use of undefined constant APP_NAME - assumed 'APP_NAME' (this will throw an Error in a future version of PHP) in D:\phpstudy_pro\WWW\plugins\static_cache\Plugin.php on line 124
[2] 2026-07-31 23:32:32: Use of undefined constant APP_NAME - assumed 'APP_NAME' (this will throw an Error in a future version of PHP) in D:\phpstudy_pro\WWW\plugins\static_cache\Plugin.php on line 124
[2] 2026-07-31 23:32:32: file_get_contents(D:\phpstudy_pro\WWW\data\cache\\tpl\1a6de0958799f7374d839d79df010cd0.php): failed to open stream: No such file or directory in D:\phpstudy_pro\WWW\ZhiCms\base\cache\FileCacheDriver.php on line 16
[8] 2026-07-31 23:32:32: Undefined variable: pagetext in D:\phpstudy_pro\WWW\ZhiCms\base\Template.php(92) : eval()'d code on line 6
[8] 2026-07-31 23:32:32: Undefined variable: ret in D:\phpstudy_pro\WWW\ZhiCms\base\Template.php(92) : eval()'d code on line 21
[8] 2026-07-31 23:32:32: Undefined variable: ret in D:\phpstudy_pro\WWW\ZhiCms\base\Template.php(92) : eval()'d code on line 46
[8] 2026-07-31 23:32:32: Undefined variable: ret in D:\phpstudy_pro\WWW\ZhiCms\base\Template.php(92) : eval()'d code on line 52
[8] 2026-07-31 23:32:32: Undefined variable: ret in D:\phpstudy_pro\WWW\ZhiCms\base\Template.php(92) : eval()'d code on line 60
[8] 2026-07-31 23:32:32: Undefined variable: ret in D:\phpstudy_pro\WWW\ZhiCms\base\Template.php(92) : eval()'d code on line 66
[8] 2026-07-31 23:32:32: Undefined variable: ret in D:\phpstudy_pro\WWW\ZhiCms\base\Template.php(92) : eval()'d code on line 74
[8] 2026-07-31 23:32:32: Undefined variable: ret in D:\phpstudy_pro\WWW\ZhiCms\base\Template.php(92) : eval()'d code on line 80
[8] 2026-07-31 23:32:32: Undefined variable: ret in D:\phpstudy_pro\WWW\ZhiCms\base\Template.php(92) : eval()'d code on line 86
[8] 2026-07-31 23:32:32: Undefined variable: ret in D:\phpstudy_pro\WWW\ZhiCms\base\Template.php(92) : eval()'d code on line 96
[8] 2026-07-31 23:32:32: Undefined variable: ret in D:\phpstudy_pro\WWW\ZhiCms\base\Template.php(92) : eval()'d code on line 106
[8] 2026-07-31 23:32:32: Undefined variable: html in D:\phpstudy_pro\WWW\ZhiCms\base\Template.php(92) : eval()'d code on line 118
[8] 2026-07-31 23:32:32: Undefined variable: ret in D:\phpstudy_pro\WWW\ZhiCms\base\Template.php(92) : eval()'d code on line 160
[8] 2026-07-31 23:32:32: Undefined variable: ret in D:\phpstudy_pro\WWW\ZhiCms\base\Template.php(92) : eval()'d code on line 167
[8] 2026-07-31 23:32:32: Undefined variable: ret in D:\phpstudy_pro\WWW\ZhiCms\base\Template.php(92) : eval()'d code on line 167
[8] 2026-07-31 23:32:32: Undefined variable: ret in D:\phpstudy_pro\WWW\ZhiCms\base\Template.php(92) : eval()'d code on line 175
[8] 2026-07-31 23:32:32: Undefined variable: ret in D:\phpstudy_pro\WWW\ZhiCms\base\Template.php(92) : eval()'d code on line 176
[2] 2026-07-31 23:32:32: Use of undefined constant APP_NAME - assumed 'APP_NAME' (this will throw an Error in a future version of PHP) in D:\phpstudy_pro\WWW\plugins\static_cache\Plugin.php on line 124
[2] 2026-07-31 23:33:24: Use of undefined constant APP_NAME - assumed 'APP_NAME' (this will throw an Error in a future version of PHP) in D:\phpstudy_pro\WWW\plugins\static_cache\Plugin.php on line 124
[2] 2026-07-31 23:33:24: file_get_contents(D:\phpstudy_pro\WWW\data\cache\\tpl\b8951b5fa0e1519a6a4c3d5bd058ca38.php): failed to open stream: No such file or directory in D:\phpstudy_pro\WWW\ZhiCms\base\cache\FileCacheDriver.php on line 16
[8] 2026-07-31 23:33:24: Undefined index: url in D:\phpstudy_pro\WWW\ZhiCms\base\Template.php(92) : eval()'d code on line 111
[8] 2026-07-31 23:33:24: Undefined index: url in D:\phpstudy_pro\WWW\ZhiCms\base\Template.php(92) : eval()'d code on line 111
[2] 2026-08-01 13:20:57: Use of undefined constant APP_NAME - assumed 'APP_NAME' (this will throw an Error in a future version of PHP) in D:\phpstudy_pro\WWW\plugins\static_cache\Plugin.php on line 124
[8] 2026-08-01 13:20:57: Undefined index: name in D:\phpstudy_pro\WWW\ZhiCms\base\Template.php(92) : eval()'d code on line 15
[8] 2026-08-01 13:20:57: Undefined index: name in D:\phpstudy_pro\WWW\ZhiCms\base\Template.php(92) : eval()'d code on line 15
[8] 2026-08-01 13:20:57: Undefined index: name in D:\phpstudy_pro\WWW\ZhiCms\base\Template.php(92) : eval()'d code on line 15
[8] 2026-08-01 13:20:57: Undefined index: name in D:\phpstudy_pro\WWW\ZhiCms\base\Template.php(92) : eval()'d code on line 15
[8] 2026-08-01 13:20:57: Undefined index: name in D:\phpstudy_pro\WWW\ZhiCms\base\Template.php(92) : eval()'d code on line 15
[8] 2026-08-01 13:20:57: Undefined variable: act in D:\phpstudy_pro\WWW\ZhiCms\base\Template.php(92) : eval()'d code on line 170
[8] 2026-08-01 13:20:57: Undefined variable: act in D:\phpstudy_pro\WWW\ZhiCms\base\Template.php(92) : eval()'d code on line 174
[8] 2026-08-01 13:20:57: Undefined variable: act in D:\phpstudy_pro\WWW\ZhiCms\base\Template.php(92) : eval()'d code on line 178
[8] 2026-08-01 13:20:57: Undefined variable: act in D:\phpstudy_pro\WWW\ZhiCms\base\Template.php(92) : eval()'d code on line 182
[8] 2026-08-01 13:20:57: Undefined variable: act in D:\phpstudy_pro\WWW\ZhiCms\base\Template.php(92) : eval()'d code on line 182
[8] 2026-08-01 13:20:57: Undefined variable: act in D:\phpstudy_pro\WWW\ZhiCms\base\Template.php(92) : eval()'d code on line 186
[2] 2026-08-01 13:20:58: Use of undefined constant APP_NAME - assumed 'APP_NAME' (this will throw an Error in a future version of PHP) in D:\phpstudy_pro\WWW\plugins\static_cache\Plugin.php on line 124
[8] 2026-08-01 13:20:58: Undefined index: class in D:\phpstudy_pro\WWW\ZhiCms\base\Template.php(92) : eval()'d code on line 27
[8] 2026-08-01 13:20:58: Undefined index: type in D:\phpstudy_pro\WWW\ZhiCms\base\Template.php(92) : eval()'d code on line 27
[2] 2026-08-01 13:20:58: Use of undefined constant APP_NAME - assumed 'APP_NAME' (this will throw an Error in a future version of PHP) in D:\phpstudy_pro\WWW\plugins\static_cache\Plugin.php on line 124
[8] 2026-08-01 13:20:58: Undefined index: class in D:\phpstudy_pro\WWW\ZhiCms\base\Template.php(92) : eval()'d code on line 27
[8] 2026-08-01 13:20:58: Undefined index: type in D:\phpstudy_pro\WWW\ZhiCms\base\Template.php(92) : eval()'d code on line 27
[2] 2026-08-01 13:20:58: Use of undefined constant APP_NAME - assumed 'APP_NAME' (this will throw an Error in a future version of PHP) in D:\phpstudy_pro\WWW\plugins\static_cache\Plugin.php on line 124
[8] 2026-08-01 13:20:58: Undefined index: class in D:\phpstudy_pro\WWW\ZhiCms\base\Template.php(92) : eval()'d code on line 27
[8] 2026-08-01 13:20:58: Undefined index: type in D:\phpstudy_pro\WWW\ZhiCms\base\Template.php(92) : eval()'d code on line 27
[2] 2026-08-01 13:21:01: Use of undefined constant APP_NAME - assumed 'APP_NAME' (this will throw an Error in a future version of PHP) in D:\phpstudy_pro\WWW\plugins\static_cache\Plugin.php on line 124
[2] 2026-08-01 13:21:02: Use of undefined constant APP_NAME - assumed 'APP_NAME' (this will throw an Error in a future version of PHP) in D:\phpstudy_pro\WWW\plugins\static_cache\Plugin.php on line 124
[8] 2026-08-01 13:21:02: Undefined index: class in D:\phpstudy_pro\WWW\ZhiCms\base\Template.php(92) : eval()'d code on line 27
[8] 2026-08-01 13:21:02: Undefined index: type in D:\phpstudy_pro\WWW\ZhiCms\base\Template.php(92) : eval()'d code on line 27
[2] 2026-08-01 13:21:06: Use of undefined constant APP_NAME - assumed 'APP_NAME' (this will throw an Error in a future version of PHP) in D:\phpstudy_pro\WWW\plugins\static_cache\Plugin.php on line 124
[2] 2026-08-01 13:21:06: Use of undefined constant APP_NAME - assumed 'APP_NAME' (this will throw an Error in a future version of PHP) in D:\phpstudy_pro\WWW\plugins\static_cache\Plugin.php on line 124
[2] 2026-08-01 13:21:10: Use of undefined constant APP_NAME - assumed 'APP_NAME' (this will throw an Error in a future version of PHP) in D:\phpstudy_pro\WWW\plugins\static_cache\Plugin.php on line 124
[8] 2026-08-01 13:21:18: Undefined index: class in D:\phpstudy_pro\WWW\ZhiCms\base\Template.php(92) : eval()'d code on line 27
[8] 2026-08-01 13:21:18: Undefined index: type in D:\phpstudy_pro\WWW\ZhiCms\base\Template.php(92) : eval()'d code on line 27
[8] 2026-08-01 13:47:50: PDO::__construct(): send of 5 bytes failed with errno=10053 你的主机中的软件中止了一个已建立的连接。
 in D:\phpstudy_pro\WWW\ZhiCms\base\db\MysqlPdoDriver.php on line 250
[2] 2026-08-01 13:47:50: Use of undefined constant APP_NAME - assumed 'APP_NAME' (this will throw an Error in a future version of PHP) in D:\phpstudy_pro\WWW\plugins\static_cache\Plugin.php on line 124
[2] 2026-08-01 13:47:50: file_get_contents(D:\phpstudy_pro\WWW\data\cache\\tpl\c3652f838b72f4e5be0e2797279406c8.php): failed to open stream: No such file or directory in D:\phpstudy_pro\WWW\ZhiCms\base\cache\FileCacheDriver.php on line 16
[2] 2026-08-01 13:47:51: Use of undefined constant APP_NAME - assumed 'APP_NAME' (this will throw an Error in a future version of PHP) in D:\phpstudy_pro\WWW\plugins\static_cache\Plugin.php on line 124
[2] 2026-08-01 13:47:58: Use of undefined constant APP_NAME - assumed 'APP_NAME' (this will throw an Error in a future version of PHP) in D:\phpstudy_pro\WWW\plugins\static_cache\Plugin.php on line 124
[2] 2026-08-01 13:47:58: Use of undefined constant APP_NAME - assumed 'APP_NAME' (this will throw an Error in a future version of PHP) in D:\phpstudy_pro\WWW\plugins\static_cache\Plugin.php on line 124
[2] 2026-08-01 13:47:59: Use of undefined constant APP_NAME - assumed 'APP_NAME' (this will throw an Error in a future version of PHP) in D:\phpstudy_pro\WWW\plugins\static_cache\Plugin.php on line 124
[2] 2026-08-01 13:47:59: Use of undefined constant APP_NAME - assumed 'APP_NAME' (this will throw an Error in a future version of PHP) in D:\phpstudy_pro\WWW\plugins\static_cache\Plugin.php on line 124
[8] 2026-08-01 13:48:01: Undefined index: class in D:\phpstudy_pro\WWW\ZhiCms\base\Template.php(92) : eval()'d code on line 27
[8] 2026-08-01 13:48:01: Undefined index: type in D:\phpstudy_pro\WWW\ZhiCms\base\Template.php(92) : eval()'d code on line 27
[2] 2026-08-01 13:49:44: Use of undefined constant APP_NAME - assumed 'APP_NAME' (this will throw an Error in a future version of PHP) in D:\phpstudy_pro\WWW\plugins\static_cache\Plugin.php on line 124
[2] 2026-08-01 13:49:45: Use of undefined constant APP_NAME - assumed 'APP_NAME' (this will throw an Error in a future version of PHP) in D:\phpstudy_pro\WWW\plugins\static_cache\Plugin.php on line 124
[8] 2026-08-01 13:49:54: Undefined index: class in D:\phpstudy_pro\WWW\ZhiCms\base\Template.php(92) : eval()'d code on line 27
[8] 2026-08-01 13:49:54: Undefined index: type in D:\phpstudy_pro\WWW\ZhiCms\base\Template.php(92) : eval()'d code on line 27
[8] 2026-08-01 13:53:00: Undefined index: REQUEST_URI in D:\phpstudy_pro\WWW\ZhiCms\base\Route.php on line 12
[8] 2026-08-01 13:53:00: Undefined index: REQUEST_URI in D:\phpstudy_pro\WWW\ZhiCms\base\Route.php on line 33
[8] 2026-08-01 13:53:00: Undefined index: HTTP_HOST in D:\phpstudy_pro\WWW\ZhiCms\base\Route.php on line 45
[8] 2026-08-01 13:53:00: Undefined index: HTTP_HOST in D:\phpstudy_pro\WWW\ZhiCms\base\Route.php on line 48
[8] 2026-08-01 13:53:00: Undefined index: REQUEST_URI in D:\phpstudy_pro\WWW\ZhiCms\base\Route.php on line 48
[8] 2026-08-01 13:53:00: Undefined index: HTTP_HOST in D:\phpstudy_pro\WWW\ZhiCms\base\Route.php on line 45
[8] 2026-08-01 13:53:00: Undefined index: HTTP_HOST in D:\phpstudy_pro\WWW\ZhiCms\base\Route.php on line 48
[8] 2026-08-01 13:53:00: Undefined index: REQUEST_URI in D:\phpstudy_pro\WWW\ZhiCms\base\Route.php on line 48
[8] 2026-08-01 13:53:00: Undefined index: HTTP_HOST in D:\phpstudy_pro\WWW\ZhiCms\base\Route.php on line 45
[8] 2026-08-01 13:53:00: Undefined index: HTTP_HOST in D:\phpstudy_pro\WWW\ZhiCms\base\Route.php on line 48
[8] 2026-08-01 13:53:00: Undefined index: REQUEST_URI in D:\phpstudy_pro\WWW\ZhiCms\base\Route.php on line 48
[8] 2026-08-01 13:53:00: Undefined index: HTTP_HOST in D:\phpstudy_pro\WWW\ZhiCms\base\Route.php on line 45
[8] 2026-08-01 13:53:00: Undefined index: HTTP_HOST in D:\phpstudy_pro\WWW\ZhiCms\base\Route.php on line 48
[8] 2026-08-01 13:53:00: Undefined index: REQUEST_URI in D:\phpstudy_pro\WWW\ZhiCms\base\Route.php on line 48
[8] 2026-08-01 13:53:00: Undefined index: HTTP_HOST in D:\phpstudy_pro\WWW\ZhiCms\base\Route.php on line 45
[8] 2026-08-01 13:53:00: Undefined index: HTTP_HOST in D:\phpstudy_pro\WWW\ZhiCms\base\Route.php on line 48
[8] 2026-08-01 13:53:00: Undefined index: REQUEST_URI in D:\phpstudy_pro\WWW\ZhiCms\base\Route.php on line 48
[8] 2026-08-01 13:53:00: Undefined index: HTTP_HOST in D:\phpstudy_pro\WWW\ZhiCms\base\Route.php on line 45
[8] 2026-08-01 13:53:00: Undefined index: HTTP_HOST in D:\phpstudy_pro\WWW\ZhiCms\base\Route.php on line 48
[8] 2026-08-01 13:53:00: Undefined index: REQUEST_URI in D:\phpstudy_pro\WWW\ZhiCms\base\Route.php on line 48
[8] 2026-08-01 13:53:00: Undefined index: HTTP_HOST in D:\phpstudy_pro\WWW\ZhiCms\base\Route.php on line 45
[8] 2026-08-01 13:53:00: Undefined index: HTTP_HOST in D:\phpstudy_pro\WWW\ZhiCms\base\Route.php on line 48
[8] 2026-08-01 13:53:00: Undefined index: REQUEST_URI in D:\phpstudy_pro\WWW\ZhiCms\base\Route.php on line 48
[8] 2026-08-01 13:53:00: Undefined index: HTTP_HOST in D:\phpstudy_pro\WWW\ZhiCms\base\Route.php on line 45
[8] 2026-08-01 13:53:00: Undefined index: HTTP_HOST in D:\phpstudy_pro\WWW\ZhiCms\base\Route.php on line 48
[8] 2026-08-01 13:53:00: Undefined index: REQUEST_URI in D:\phpstudy_pro\WWW\ZhiCms\base\Route.php on line 48
[8] 2026-08-01 13:53:00: Undefined index: HTTP_HOST in D:\phpstudy_pro\WWW\ZhiCms\base\Route.php on line 45
[8] 2026-08-01 13:53:00: Undefined index: HTTP_HOST in D:\phpstudy_pro\WWW\ZhiCms\base\Route.php on line 48
[8] 2026-08-01 13:53:00: Undefined index: REQUEST_URI in D:\phpstudy_pro\WWW\ZhiCms\base\Route.php on line 48
[8] 2026-08-01 13:53:00: Undefined index: HTTP_HOST in D:\phpstudy_pro\WWW\ZhiCms\base\Route.php on line 45
[8] 2026-08-01 13:53:00: Undefined index: HTTP_HOST in D:\phpstudy_pro\WWW\ZhiCms\base\Route.php on line 48
[8] 2026-08-01 13:53:00: Undefined index: REQUEST_URI in D:\phpstudy_pro\WWW\ZhiCms\base\Route.php on line 48
[8] 2026-08-01 13:53:00: Undefined index: HTTP_HOST in D:\phpstudy_pro\WWW\ZhiCms\base\Route.php on line 45
[8] 2026-08-01 13:53:00: Undefined index: HTTP_HOST in D:\phpstudy_pro\WWW\ZhiCms\base\Route.php on line 48
[8] 2026-08-01 13:53:00: Undefined index: REQUEST_URI in D:\phpstudy_pro\WWW\ZhiCms\base\Route.php on line 48
[8] 2026-08-01 13:53:00: Undefined index: HTTP_HOST in D:\phpstudy_pro\WWW\ZhiCms\base\Route.php on line 45
[8] 2026-08-01 13:53:00: Undefined index: HTTP_HOST in D:\phpstudy_pro\WWW\ZhiCms\base\Route.php on line 48
[8] 2026-08-01 13:53:00: Undefined index: REQUEST_URI in D:\phpstudy_pro\WWW\ZhiCms\base\Route.php on line 48
[8] 2026-08-01 13:53:00: Undefined index: HTTP_HOST in D:\phpstudy_pro\WWW\ZhiCms\base\Route.php on line 45
[8] 2026-08-01 13:53:00: Undefined index: HTTP_HOST in D:\phpstudy_pro\WWW\ZhiCms\base\Route.php on line 48
[8] 2026-08-01 13:53:00: Undefined index: REQUEST_URI in D:\phpstudy_pro\WWW\ZhiCms\base\Route.php on line 48
[8] 2026-08-01 13:53:00: Undefined index: HTTP_HOST in D:\phpstudy_pro\WWW\ZhiCms\base\Route.php on line 45
[8] 2026-08-01 13:53:00: Undefined index: HTTP_HOST in D:\phpstudy_pro\WWW\ZhiCms\base\Route.php on line 48
[8] 2026-08-01 13:53:00: Undefined index: REQUEST_URI in D:\phpstudy_pro\WWW\ZhiCms\base\Route.php on line 48
[8] 2026-08-01 13:53:00: Undefined index: HTTP_HOST in D:\phpstudy_pro\WWW\ZhiCms\base\Route.php on line 45
[8] 2026-08-01 13:53:00: Undefined index: HTTP_HOST in D:\phpstudy_pro\WWW\ZhiCms\base\Route.php on line 48
[8] 2026-08-01 13:53:00: Undefined index: REQUEST_URI in D:\phpstudy_pro\WWW\ZhiCms\base\Route.php on line 48
[8] 2026-08-01 13:53:00: Undefined index: HTTP_HOST in D:\phpstudy_pro\WWW\ZhiCms\base\Route.php on line 45
[8] 2026-08-01 13:53:00: Undefined index: HTTP_HOST in D:\phpstudy_pro\WWW\ZhiCms\base\Route.php on line 48
[8] 2026-08-01 13:53:00: Undefined index: REQUEST_URI in D:\phpstudy_pro\WWW\ZhiCms\base\Route.php on line 48
[8] 2026-08-01 13:53:00: Undefined index: HTTP_HOST in D:\phpstudy_pro\WWW\ZhiCms\base\Route.php on line 45
[8] 2026-08-01 13:53:00: Undefined index: HTTP_HOST in D:\phpstudy_pro\WWW\ZhiCms\base\Route.php on line 48
[8] 2026-08-01 13:53:00: Undefined index: REQUEST_URI in D:\phpstudy_pro\WWW\ZhiCms\base\Route.php on line 48
[8] 2026-08-01 13:53:00: Undefined index: HTTP_HOST in D:\phpstudy_pro\WWW\ZhiCms\base\Route.php on line 45
[8] 2026-08-01 13:53:00: Undefined index: HTTP_HOST in D:\phpstudy_pro\WWW\ZhiCms\base\Route.php on line 48
[8] 2026-08-01 13:53:00: Undefined index: REQUEST_URI in D:\phpstudy_pro\WWW\ZhiCms\base\Route.php on line 48
[8] 2026-08-01 13:53:00: Undefined index: REQUEST_URI in D:\phpstudy_pro\WWW\ZhiCms\base\Route.php on line 79
[8] 2026-08-01 13:53:00: Undefined index: REQUEST_URI in D:\phpstudy_pro\WWW\ZhiCms\base\Route.php on line 83
[8] 2026-08-01 13:53:00: Undefined index: REQUEST_URI in D:\phpstudy_pro\WWW\ZhiCms\base\Route.php on line 83
[2] 2026-08-01 13:53:00: include(D:\phpstudy_pro\WWW\vendor\composer/../../app/index/controller/ErrorController.php): failed to open stream: No such file or directory in D:\phpstudy_pro\WWW\vendor\composer\ClassLoader.php on line 576
[2] 2026-08-01 13:53:00: include(): Failed opening 'D:\phpstudy_pro\WWW\vendor\composer/../../app/index/controller/ErrorController.php' for inclusion (include_path='.;C:\php\pear') in D:\phpstudy_pro\WWW\vendor\composer\ClassLoader.php on line 576
[2] 2026-08-01 13:53:00: include(D:\phpstudy_pro\WWW\vendor\composer/../../app/index/controller/ErrorController.php): failed to open stream: No such file or directory in D:\phpstudy_pro\WWW\vendor\composer\ClassLoader.php on line 576
[2] 2026-08-01 13:53:00: include(): Failed opening 'D:\phpstudy_pro\WWW\vendor\composer/../../app/index/controller/ErrorController.php' for inclusion (include_path='.;C:\php\pear') in D:\phpstudy_pro\WWW\vendor\composer\ClassLoader.php on line 576
[8] 2026-08-01 13:53:00: Undefined index: class in D:\phpstudy_pro\WWW\ZhiCms\base\Template.php(92) : eval()'d code on line 27
[8] 2026-08-01 13:53:00: Undefined index: type in D:\phpstudy_pro\WWW\ZhiCms\base\Template.php(92) : eval()'d code on line 27
[8] 2026-08-01 13:53:00: Undefined index: class in D:\phpstudy_pro\WWW\ZhiCms\base\Template.php(92) : eval()'d code on line 27
[8] 2026-08-01 13:53:00: Undefined index: type in D:\phpstudy_pro\WWW\ZhiCms\base\Template.php(92) : eval()'d code on line 27
[8] 2026-08-01 13:57:01: Undefined index: HTTP_HOST in D:\phpstudy_pro\WWW\ZhiCms\base\Route.php on line 45
[8] 2026-08-01 13:57:01: Undefined index: HTTP_HOST in D:\phpstudy_pro\WWW\ZhiCms\base\Route.php on line 48
[8] 2026-08-01 13:57:01: Undefined index: HTTP_HOST in D:\phpstudy_pro\WWW\ZhiCms\base\Route.php on line 45
[8] 2026-08-01 13:57:01: Undefined index: HTTP_HOST in D:\phpstudy_pro\WWW\ZhiCms\base\Route.php on line 48
[8] 2026-08-01 13:57:01: Undefined index: HTTP_HOST in D:\phpstudy_pro\WWW\ZhiCms\base\Route.php on line 45
[8] 2026-08-01 13:57:01: Undefined index: HTTP_HOST in D:\phpstudy_pro\WWW\ZhiCms\base\Route.php on line 48
[8] 2026-08-01 13:57:01: Undefined index: HTTP_HOST in D:\phpstudy_pro\WWW\ZhiCms\base\Route.php on line 45
[8] 2026-08-01 13:57:01: Undefined index: HTTP_HOST in D:\phpstudy_pro\WWW\ZhiCms\base\Route.php on line 48
[8] 2026-08-01 13:57:01: Undefined index: HTTP_HOST in D:\phpstudy_pro\WWW\ZhiCms\base\Route.php on line 45
[8] 2026-08-01 13:57:01: Undefined index: HTTP_HOST in D:\phpstudy_pro\WWW\ZhiCms\base\Route.php on line 48
[8] 2026-08-01 13:57:01: Undefined index: HTTP_HOST in D:\phpstudy_pro\WWW\ZhiCms\base\Route.php on line 45
[8] 2026-08-01 13:57:01: Undefined index: HTTP_HOST in D:\phpstudy_pro\WWW\ZhiCms\base\Route.php on line 48
[8] 2026-08-01 13:57:01: Undefined index: HTTP_HOST in D:\phpstudy_pro\WWW\ZhiCms\base\Route.php on line 45
[8] 2026-08-01 13:57:01: Undefined index: HTTP_HOST in D:\phpstudy_pro\WWW\ZhiCms\base\Route.php on line 48
[8] 2026-08-01 13:57:01: Undefined index: HTTP_HOST in D:\phpstudy_pro\WWW\ZhiCms\base\Route.php on line 45
[8] 2026-08-01 13:57:01: Undefined index: HTTP_HOST in D:\phpstudy_pro\WWW\ZhiCms\base\Route.php on line 48
[8] 2026-08-01 13:57:01: Undefined index: HTTP_HOST in D:\phpstudy_pro\WWW\ZhiCms\base\Route.php on line 45
[8] 2026-08-01 13:57:01: Undefined index: HTTP_HOST in D:\phpstudy_pro\WWW\ZhiCms\base\Route.php on line 48
[8] 2026-08-01 13:57:01: Undefined index: HTTP_HOST in D:\phpstudy_pro\WWW\ZhiCms\base\Route.php on line 45
[8] 2026-08-01 13:57:01: Undefined index: HTTP_HOST in D:\phpstudy_pro\WWW\ZhiCms\base\Route.php on line 48
[8] 2026-08-01 13:57:01: Undefined index: HTTP_HOST in D:\phpstudy_pro\WWW\ZhiCms\base\Route.php on line 45
[8] 2026-08-01 13:57:01: Undefined index: HTTP_HOST in D:\phpstudy_pro\WWW\ZhiCms\base\Route.php on line 48
[8] 2026-08-01 13:57:01: Undefined index: HTTP_HOST in D:\phpstudy_pro\WWW\ZhiCms\base\Route.php on line 45
[8] 2026-08-01 13:57:01: Undefined index: HTTP_HOST in D:\phpstudy_pro\WWW\ZhiCms\base\Route.php on line 48
[8] 2026-08-01 13:57:01: Undefined index: HTTP_HOST in D:\phpstudy_pro\WWW\ZhiCms\base\Route.php on line 45
[8] 2026-08-01 13:57:01: Undefined index: HTTP_HOST in D:\phpstudy_pro\WWW\ZhiCms\base\Route.php on line 48
[8] 2026-08-01 13:57:01: Undefined index: HTTP_HOST in D:\phpstudy_pro\WWW\ZhiCms\base\Route.php on line 45
[8] 2026-08-01 13:57:01: Undefined index: HTTP_HOST in D:\phpstudy_pro\WWW\ZhiCms\base\Route.php on line 48
[8] 2026-08-01 13:57:01: Undefined index: HTTP_HOST in D:\phpstudy_pro\WWW\ZhiCms\base\Route.php on line 45
[8] 2026-08-01 13:57:01: Undefined index: HTTP_HOST in D:\phpstudy_pro\WWW\ZhiCms\base\Route.php on line 48
[8] 2026-08-01 13:57:01: Undefined index: HTTP_HOST in D:\phpstudy_pro\WWW\ZhiCms\base\Route.php on line 45
[8] 2026-08-01 13:57:01: Undefined index: HTTP_HOST in D:\phpstudy_pro\WWW\ZhiCms\base\Route.php on line 48
[8] 2026-08-01 13:57:01: Undefined index: HTTP_HOST in D:\phpstudy_pro\WWW\ZhiCms\base\Route.php on line 45
[8] 2026-08-01 13:57:01: Undefined index: HTTP_HOST in D:\phpstudy_pro\WWW\ZhiCms\base\Route.php on line 48
[8] 2026-08-01 13:57:01: Undefined index: HTTP_HOST in D:\phpstudy_pro\WWW\ZhiCms\base\Route.php on line 45
[8] 2026-08-01 13:57:01: Undefined index: HTTP_HOST in D:\phpstudy_pro\WWW\ZhiCms\base\Route.php on line 48
[2] 2026-08-01 13:57:53: Use of undefined constant APP_NAME - assumed 'APP_NAME' (this will throw an Error in a future version of PHP) in D:\phpstudy_pro\WWW\plugins\static_cache\Plugin.php on line 124
[8] 2026-08-01 13:57:53: Undefined index: HTTP_HOST in D:\phpstudy_pro\WWW\ZhiCms\base\Route.php on line 45
[8] 2026-08-01 13:57:53: Undefined index: HTTP_HOST in D:\phpstudy_pro\WWW\ZhiCms\base\Route.php on line 48
[8] 2026-08-01 13:57:53: Undefined index: HTTP_HOST in D:\phpstudy_pro\WWW\ZhiCms\base\Route.php on line 45
[8] 2026-08-01 13:57:53: Undefined index: HTTP_HOST in D:\phpstudy_pro\WWW\ZhiCms\base\Route.php on line 48
[8] 2026-08-01 13:57:53: Undefined index: HTTP_HOST in D:\phpstudy_pro\WWW\ZhiCms\base\Route.php on line 45
[8] 2026-08-01 13:57:53: Undefined index: HTTP_HOST in D:\phpstudy_pro\WWW\ZhiCms\base\Route.php on line 48
[8] 2026-08-01 13:57:53: Undefined index: HTTP_HOST in D:\phpstudy_pro\WWW\ZhiCms\base\Route.php on line 45
[8] 2026-08-01 13:57:53: Undefined index: HTTP_HOST in D:\phpstudy_pro\WWW\ZhiCms\base\Route.php on line 48
[8] 2026-08-01 13:57:53: Undefined index: HTTP_HOST in D:\phpstudy_pro\WWW\ZhiCms\base\Route.php on line 45
[8] 2026-08-01 13:57:53: Undefined index: HTTP_HOST in D:\phpstudy_pro\WWW\ZhiCms\base\Route.php on line 48
[8] 2026-08-01 13:57:53: Undefined index: HTTP_HOST in D:\phpstudy_pro\WWW\ZhiCms\base\Route.php on line 45
[8] 2026-08-01 13:57:53: Undefined index: HTTP_HOST in D:\phpstudy_pro\WWW\ZhiCms\base\Route.php on line 48
[8] 2026-08-01 13:57:53: Undefined index: HTTP_HOST in D:\phpstudy_pro\WWW\ZhiCms\base\Route.php on line 45
[8] 2026-08-01 13:57:53: Undefined index: HTTP_HOST in D:\phpstudy_pro\WWW\ZhiCms\base\Route.php on line 48
[8] 2026-08-01 13:57:53: Undefined index: HTTP_HOST in D:\phpstudy_pro\WWW\ZhiCms\base\Route.php on line 45
[8] 2026-08-01 13:57:53: Undefined index: HTTP_HOST in D:\phpstudy_pro\WWW\ZhiCms\base\Route.php on line 48
[8] 2026-08-01 13:57:53: Undefined index: HTTP_HOST in D:\phpstudy_pro\WWW\ZhiCms\base\Route.php on line 45
[8] 2026-08-01 13:57:53: Undefined index: HTTP_HOST in D:\phpstudy_pro\WWW\ZhiCms\base\Route.php on line 48
[8] 2026-08-01 13:57:53: Undefined index: HTTP_HOST in D:\phpstudy_pro\WWW\ZhiCms\base\Route.php on line 45
[8] 2026-08-01 13:57:53: Undefined index: HTTP_HOST in D:\phpstudy_pro\WWW\ZhiCms\base\Route.php on line 48
[8] 2026-08-01 13:57:53: Undefined index: HTTP_HOST in D:\phpstudy_pro\WWW\ZhiCms\base\Route.php on line 45
[8] 2026-08-01 13:57:53: Undefined index: HTTP_HOST in D:\phpstudy_pro\WWW\ZhiCms\base\Route.php on line 48
[8] 2026-08-01 13:57:53: Undefined index: HTTP_HOST in D:\phpstudy_pro\WWW\ZhiCms\base\Route.php on line 45
[8] 2026-08-01 13:57:53: Undefined index: HTTP_HOST in D:\phpstudy_pro\WWW\ZhiCms\base\Route.php on line 48
[8] 2026-08-01 13:57:53: Undefined index: HTTP_HOST in D:\phpstudy_pro\WWW\ZhiCms\base\Route.php on line 45
[8] 2026-08-01 13:57:53: Undefined index: HTTP_HOST in D:\phpstudy_pro\WWW\ZhiCms\base\Route.php on line 48
[8] 2026-08-01 13:57:53: Undefined index: HTTP_HOST in D:\phpstudy_pro\WWW\ZhiCms\base\Route.php on line 45
[8] 2026-08-01 13:57:53: Undefined index: HTTP_HOST in D:\phpstudy_pro\WWW\ZhiCms\base\Route.php on line 48
[8] 2026-08-01 13:57:53: Undefined index: HTTP_HOST in D:\phpstudy_pro\WWW\ZhiCms\base\Route.php on line 45
[8] 2026-08-01 13:57:53: Undefined index: HTTP_HOST in D:\phpstudy_pro\WWW\ZhiCms\base\Route.php on line 48
[8] 2026-08-01 13:57:53: Undefined index: HTTP_HOST in D:\phpstudy_pro\WWW\ZhiCms\base\Route.php on line 45
[8] 2026-08-01 13:57:53: Undefined index: HTTP_HOST in D:\phpstudy_pro\WWW\ZhiCms\base\Route.php on line 48
[8] 2026-08-01 13:57:53: Undefined index: HTTP_HOST in D:\phpstudy_pro\WWW\ZhiCms\base\Route.php on line 45
[8] 2026-08-01 13:57:53: Undefined index: HTTP_HOST in D:\phpstudy_pro\WWW\ZhiCms\base\Route.php on line 48
[8] 2026-08-01 13:57:53: Undefined index: HTTP_HOST in D:\phpstudy_pro\WWW\ZhiCms\base\Route.php on line 45
[8] 2026-08-01 13:57:53: Undefined index: HTTP_HOST in D:\phpstudy_pro\WWW\ZhiCms\base\Route.php on line 48
[8] 2026-08-01 13:57:53: Undefined index: manage_pic in D:\phpstudy_pro\WWW\ZhiCms\base\Template.php(92) : eval()'d code on line 183
[2] 2026-08-01 14:00:12: Use of undefined constant APP_NAME - assumed 'APP_NAME' (this will throw an Error in a future version of PHP) in D:\phpstudy_pro\WWW\plugins\static_cache\Plugin.php on line 124
[8] 2026-08-01 14:00:12: Undefined index: HTTP_HOST in D:\phpstudy_pro\WWW\ZhiCms\base\Route.php on line 45
[8] 2026-08-01 14:00:12: Undefined index: HTTP_HOST in D:\phpstudy_pro\WWW\ZhiCms\base\Route.php on line 48
[8] 2026-08-01 14:00:12: Undefined index: HTTP_HOST in D:\phpstudy_pro\WWW\ZhiCms\base\Route.php on line 45
[8] 2026-08-01 14:00:12: Undefined index: HTTP_HOST in D:\phpstudy_pro\WWW\ZhiCms\base\Route.php on line 48
[8] 2026-08-01 14:00:12: Undefined index: HTTP_HOST in D:\phpstudy_pro\WWW\ZhiCms\base\Route.php on line 45
[8] 2026-08-01 14:00:12: Undefined index: HTTP_HOST in D:\phpstudy_pro\WWW\ZhiCms\base\Route.php on line 48
[8] 2026-08-01 14:00:12: Undefined index: HTTP_HOST in D:\phpstudy_pro\WWW\ZhiCms\base\Route.php on line 45
[8] 2026-08-01 14:00:12: Undefined index: HTTP_HOST in D:\phpstudy_pro\WWW\ZhiCms\base\Route.php on line 48
[8] 2026-08-01 14:00:12: Undefined index: HTTP_HOST in D:\phpstudy_pro\WWW\ZhiCms\base\Route.php on line 45
[8] 2026-08-01 14:00:12: Undefined index: HTTP_HOST in D:\phpstudy_pro\WWW\ZhiCms\base\Route.php on line 48
[8] 2026-08-01 14:00:12: Undefined index: HTTP_HOST in D:\phpstudy_pro\WWW\ZhiCms\base\Route.php on line 45
[8] 2026-08-01 14:00:12: Undefined index: HTTP_HOST in D:\phpstudy_pro\WWW\ZhiCms\base\Route.php on line 48
[8] 2026-08-01 14:00:12: Undefined index: HTTP_HOST in D:\phpstudy_pro\WWW\ZhiCms\base\Route.php on line 45
[8] 2026-08-01 14:00:12: Undefined index: HTTP_HOST in D:\phpstudy_pro\WWW\ZhiCms\base\Route.php on line 48
[8] 2026-08-01 14:00:12: Undefined index: HTTP_HOST in D:\phpstudy_pro\WWW\ZhiCms\base\Route.php on line 45
[8] 2026-08-01 14:00:12: Undefined index: HTTP_HOST in D:\phpstudy_pro\WWW\ZhiCms\base\Route.php on line 48
[8] 2026-08-01 14:00:12: Undefined index: HTTP_HOST in D:\phpstudy_pro\WWW\ZhiCms\base\Route.php on line 45
[8] 2026-08-01 14:00:12: Undefined index: HTTP_HOST in D:\phpstudy_pro\WWW\ZhiCms\base\Route.php on line 48
[8] 2026-08-01 14:00:12: Undefined index: HTTP_HOST in D:\phpstudy_pro\WWW\ZhiCms\base\Route.php on line 45
[8] 2026-08-01 14:00:12: Undefined index: HTTP_HOST in D:\phpstudy_pro\WWW\ZhiCms\base\Route.php on line 48
[8] 2026-08-01 14:00:12: Undefined index: HTTP_HOST in D:\phpstudy_pro\WWW\ZhiCms\base\Route.php on line 45
[8] 2026-08-01 14:00:12: Undefined index: HTTP_HOST in D:\phpstudy_pro\WWW\ZhiCms\base\Route.php on line 48
[8] 2026-08-01 14:00:12: Undefined index: HTTP_HOST in D:\phpstudy_pro\WWW\ZhiCms\base\Route.php on line 45
[8] 2026-08-01 14:00:12: Undefined index: HTTP_HOST in D:\phpstudy_pro\WWW\ZhiCms\base\Route.php on line 48
[8] 2026-08-01 14:00:12: Undefined index: HTTP_HOST in D:\phpstudy_pro\WWW\ZhiCms\base\Route.php on line 45
[8] 2026-08-01 14:00:12: Undefined index: HTTP_HOST in D:\phpstudy_pro\WWW\ZhiCms\base\Route.php on line 48
[8] 2026-08-01 14:00:12: Undefined index: HTTP_HOST in D:\phpstudy_pro\WWW\ZhiCms\base\Route.php on line 45
[8] 2026-08-01 14:00:12: Undefined index: HTTP_HOST in D:\phpstudy_pro\WWW\ZhiCms\base\Route.php on line 48
[8] 2026-08-01 14:00:12: Undefined index: HTTP_HOST in D:\phpstudy_pro\WWW\ZhiCms\base\Route.php on line 45
[8] 2026-08-01 14:00:12: Undefined index: HTTP_HOST in D:\phpstudy_pro\WWW\ZhiCms\base\Route.php on line 48
[8] 2026-08-01 14:00:12: Undefined index: HTTP_HOST in D:\phpstudy_pro\WWW\ZhiCms\base\Route.php on line 45
[8] 2026-08-01 14:00:12: Undefined index: HTTP_HOST in D:\phpstudy_pro\WWW\ZhiCms\base\Route.php on line 48
[8] 2026-08-01 14:00:12: Undefined index: HTTP_HOST in D:\phpstudy_pro\WWW\ZhiCms\base\Route.php on line 45
[8] 2026-08-01 14:00:12: Undefined index: HTTP_HOST in D:\phpstudy_pro\WWW\ZhiCms\base\Route.php on line 48
[8] 2026-08-01 14:00:12: Undefined index: HTTP_HOST in D:\phpstudy_pro\WWW\ZhiCms\base\Route.php on line 45
[8] 2026-08-01 14:00:12: Undefined index: HTTP_HOST in D:\phpstudy_pro\WWW\ZhiCms\base\Route.php on line 48
[2] 2026-08-01 14:00:12: file_get_contents(D:\phpstudy_pro\WWW\data\cache\\tpl\c3652f838b72f4e5be0e2797279406c8.php): failed to open stream: No such file or directory in D:\phpstudy_pro\WWW\ZhiCms\base\cache\FileCacheDriver.php on line 16
[2] 2026-08-01 14:00:12: file_get_contents(D:\phpstudy_pro\WWW\data\cache\\tpl\50d83aa81067e1b23f6920748bee3892.php): failed to open stream: No such file or directory in D:\phpstudy_pro\WWW\ZhiCms\base\cache\FileCacheDriver.php on line 16
[8] 2026-08-01 14:00:12: Undefined index: manage_pic in D:\phpstudy_pro\WWW\ZhiCms\base\Template.php(92) : eval()'d code on line 183
[2] 2026-08-01 14:00:12: file_get_contents(D:\phpstudy_pro\WWW\data\cache\\tpl\243fddaffbdfd2365c8fd0bd6a234c36.php): failed to open stream: No such file or directory in D:\phpstudy_pro\WWW\ZhiCms\base\cache\FileCacheDriver.php on line 16
[8] 2026-08-01 14:07:02: Undefined index: HTTP_HOST in D:\phpstudy_pro\WWW\ZhiCms\base\Route.php on line 45
[8] 2026-08-01 14:07:02: Undefined index: HTTP_HOST in D:\phpstudy_pro\WWW\ZhiCms\base\Route.php on line 48
[8] 2026-08-01 14:07:02: Undefined index: HTTP_HOST in D:\phpstudy_pro\WWW\ZhiCms\base\Route.php on line 45
[8] 2026-08-01 14:07:02: Undefined index: HTTP_HOST in D:\phpstudy_pro\WWW\ZhiCms\base\Route.php on line 48
[8] 2026-08-01 14:07:02: Undefined index: HTTP_HOST in D:\phpstudy_pro\WWW\ZhiCms\base\Route.php on line 45
[8] 2026-08-01 14:07:02: Undefined index: HTTP_HOST in D:\phpstudy_pro\WWW\ZhiCms\base\Route.php on line 48
[8] 2026-08-01 14:07:02: Undefined index: HTTP_HOST in D:\phpstudy_pro\WWW\ZhiCms\base\Route.php on line 45
[8] 2026-08-01 14:07:02: Undefined index: HTTP_HOST in D:\phpstudy_pro\WWW\ZhiCms\base\Route.php on line 48
[8] 2026-08-01 14:07:02: Undefined index: HTTP_HOST in D:\phpstudy_pro\WWW\ZhiCms\base\Route.php on line 45
[8] 2026-08-01 14:07:02: Undefined index: HTTP_HOST in D:\phpstudy_pro\WWW\ZhiCms\base\Route.php on line 48
[8] 2026-08-01 14:07:02: Undefined index: HTTP_HOST in D:\phpstudy_pro\WWW\ZhiCms\base\Route.php on line 45
[8] 2026-08-01 14:07:02: Undefined index: HTTP_HOST in D:\phpstudy_pro\WWW\ZhiCms\base\Route.php on line 48
[8] 2026-08-01 14:07:02: Undefined index: HTTP_HOST in D:\phpstudy_pro\WWW\ZhiCms\base\Route.php on line 45
[8] 2026-08-01 14:07:02: Undefined index: HTTP_HOST in D:\phpstudy_pro\WWW\ZhiCms\base\Route.php on line 48
[8] 2026-08-01 14:07:02: Undefined index: HTTP_HOST in D:\phpstudy_pro\WWW\ZhiCms\base\Route.php on line 45
[8] 2026-08-01 14:07:02: Undefined index: HTTP_HOST in D:\phpstudy_pro\WWW\ZhiCms\base\Route.php on line 48
[8] 2026-08-01 14:07:02: Undefined index: HTTP_HOST in D:\phpstudy_pro\WWW\ZhiCms\base\Route.php on line 45
[8] 2026-08-01 14:07:02: Undefined index: HTTP_HOST in D:\phpstudy_pro\WWW\ZhiCms\base\Route.php on line 48
[8] 2026-08-01 14:07:02: Undefined index: HTTP_HOST in D:\phpstudy_pro\WWW\ZhiCms\base\Route.php on line 45
[8] 2026-08-01 14:07:02: Undefined index: HTTP_HOST in D:\phpstudy_pro\WWW\ZhiCms\base\Route.php on line 48
[8] 2026-08-01 14:07:02: Undefined index: HTTP_HOST in D:\phpstudy_pro\WWW\ZhiCms\base\Route.php on line 45
[8] 2026-08-01 14:07:02: Undefined index: HTTP_HOST in D:\phpstudy_pro\WWW\ZhiCms\base\Route.php on line 48
[8] 2026-08-01 14:07:02: Undefined index: HTTP_HOST in D:\phpstudy_pro\WWW\ZhiCms\base\Route.php on line 45
[8] 2026-08-01 14:07:02: Undefined index: HTTP_HOST in D:\phpstudy_pro\WWW\ZhiCms\base\Route.php on line 48
[8] 2026-08-01 14:07:02: Undefined index: HTTP_HOST in D:\phpstudy_pro\WWW\ZhiCms\base\Route.php on line 45
[8] 2026-08-01 14:07:02: Undefined index: HTTP_HOST in D:\phpstudy_pro\WWW\ZhiCms\base\Route.php on line 48
[8] 2026-08-01 14:07:02: Undefined index: HTTP_HOST in D:\phpstudy_pro\WWW\ZhiCms\base\Route.php on line 45
[8] 2026-08-01 14:07:02: Undefined index: HTTP_HOST in D:\phpstudy_pro\WWW\ZhiCms\base\Route.php on line 48
[8] 2026-08-01 14:07:02: Undefined index: HTTP_HOST in D:\phpstudy_pro\WWW\ZhiCms\base\Route.php on line 45
[8] 2026-08-01 14:07:02: Undefined index: HTTP_HOST in D:\phpstudy_pro\WWW\ZhiCms\base\Route.php on line 48
[8] 2026-08-01 14:07:02: Undefined index: HTTP_HOST in D:\phpstudy_pro\WWW\ZhiCms\base\Route.php on line 45
[8] 2026-08-01 14:07:02: Undefined index: HTTP_HOST in D:\phpstudy_pro\WWW\ZhiCms\base\Route.php on line 48
[8] 2026-08-01 14:07:02: Undefined index: HTTP_HOST in D:\phpstudy_pro\WWW\ZhiCms\base\Route.php on line 45
[8] 2026-08-01 14:07:02: Undefined index: HTTP_HOST in D:\phpstudy_pro\WWW\ZhiCms\base\Route.php on line 48
[8] 2026-08-01 14:07:02: Undefined index: HTTP_HOST in D:\phpstudy_pro\WWW\ZhiCms\base\Route.php on line 45
[8] 2026-08-01 14:07:02: Undefined index: HTTP_HOST in D:\phpstudy_pro\WWW\ZhiCms\base\Route.php on line 48
[8] 2026-08-01 14:10:19: PDO::__construct(): send of 5 bytes failed with errno=10053 你的主机中的软件中止了一个已建立的连接。
 in D:\phpstudy_pro\WWW\ZhiCms\base\db\MysqlPdoDriver.php on line 250
[2] 2026-08-01 14:10:19: Use of undefined constant APP_NAME - assumed 'APP_NAME' (this will throw an Error in a future version of PHP) in D:\phpstudy_pro\WWW\plugins\static_cache\Plugin.php on line 124
[2] 2026-08-01 14:10:19: Use of undefined constant APP_NAME - assumed 'APP_NAME' (this will throw an Error in a future version of PHP) in D:\phpstudy_pro\WWW\plugins\static_cache\Plugin.php on line 124
[2] 2026-08-01 14:10:22: Use of undefined constant APP_NAME - assumed 'APP_NAME' (this will throw an Error in a future version of PHP) in D:\phpstudy_pro\WWW\plugins\static_cache\Plugin.php on line 124
[2] 2026-08-01 14:10:28: Use of undefined constant APP_NAME - assumed 'APP_NAME' (this will throw an Error in a future version of PHP) in D:\phpstudy_pro\WWW\plugins\static_cache\Plugin.php on line 124
[2] 2026-08-01 14:10:36: Use of undefined constant APP_NAME - assumed 'APP_NAME' (this will throw an Error in a future version of PHP) in D:\phpstudy_pro\WWW\plugins\static_cache\Plugin.php on line 124
[2] 2026-08-01 14:10:36: file_get_contents(D:\phpstudy_pro\WWW\data\cache\\tpl\84838ac1605365e16549f36504d95b3a.php): failed to open stream: No such file or directory in D:\phpstudy_pro\WWW\ZhiCms\base\cache\FileCacheDriver.php on line 16
[2] 2026-08-01 14:10:45: Use of undefined constant APP_NAME - assumed 'APP_NAME' (this will throw an Error in a future version of PHP) in D:\phpstudy_pro\WWW\plugins\static_cache\Plugin.php on line 124
[2] 2026-08-01 14:10:45: Use of undefined constant APP_NAME - assumed 'APP_NAME' (this will throw an Error in a future version of PHP) in D:\phpstudy_pro\WWW\plugins\static_cache\Plugin.php on line 124
[2] 2026-08-01 14:11:17: Use of undefined constant APP_NAME - assumed 'APP_NAME' (this will throw an Error in a future version of PHP) in D:\phpstudy_pro\WWW\plugins\static_cache\Plugin.php on line 124
[2] 2026-08-01 14:11:21: Use of undefined constant APP_NAME - assumed 'APP_NAME' (this will throw an Error in a future version of PHP) in D:\phpstudy_pro\WWW\plugins\static_cache\Plugin.php on line 124
[2] 2026-08-01 14:11:21: file_get_contents(D:\phpstudy_pro\WWW\data\cache\\tpl\9b04b78f37df744f52be6140ed392f38.php): failed to open stream: No such file or directory in D:\phpstudy_pro\WWW\ZhiCms\base\cache\FileCacheDriver.php on line 16
[2] 2026-08-01 14:11:21: Use of undefined constant APP_NAME - assumed 'APP_NAME' (this will throw an Error in a future version of PHP) in D:\phpstudy_pro\WWW\plugins\static_cache\Plugin.php on line 124
[2] 2026-08-01 14:11:23: Use of undefined constant APP_NAME - assumed 'APP_NAME' (this will throw an Error in a future version of PHP) in D:\phpstudy_pro\WWW\plugins\static_cache\Plugin.php on line 124
[2] 2026-08-01 14:11:23: Use of undefined constant APP_NAME - assumed 'APP_NAME' (this will throw an Error in a future version of PHP) in D:\phpstudy_pro\WWW\plugins\static_cache\Plugin.php on line 124
[2] 2026-08-01 14:11:27: Use of undefined constant APP_NAME - assumed 'APP_NAME' (this will throw an Error in a future version of PHP) in D:\phpstudy_pro\WWW\plugins\static_cache\Plugin.php on line 124
[2] 2026-08-01 14:11:27: file_get_contents(D:\phpstudy_pro\WWW\data\cache\\tpl\533f4256ae42f6551dd2379519c2a24b.php): failed to open stream: No such file or directory in D:\phpstudy_pro\WWW\ZhiCms\base\cache\FileCacheDriver.php on line 16
[2] 2026-08-01 14:11:27: file_get_contents(D:\phpstudy_pro\WWW\data\cache\\tpl\b09c015327419e9797d5a09d9a600cce.php): failed to open stream: No such file or directory in D:\phpstudy_pro\WWW\ZhiCms\base\cache\FileCacheDriver.php on line 16
[2] 2026-08-01 14:11:27: file_get_contents(D:\phpstudy_pro\WWW\data\cache\\tpl\e60564b3b2e227585f9c82657b47e52a.php): failed to open stream: No such file or directory in D:\phpstudy_pro\WWW\ZhiCms\base\cache\FileCacheDriver.php on line 16
[2] 2026-08-01 14:11:27: file_get_contents(D:\phpstudy_pro\WWW\data\cache\\tpl\8a6f2498ca8752e5241250839854deb4.php): failed to open stream: No such file or directory in D:\phpstudy_pro\WWW\ZhiCms\base\cache\FileCacheDriver.php on line 16
[8] 2026-08-01 14:11:27: Undefined index: name in D:\phpstudy_pro\WWW\ZhiCms\base\Template.php(92) : eval()'d code on line 15
[8] 2026-08-01 14:11:27: Undefined index: name in D:\phpstudy_pro\WWW\ZhiCms\base\Template.php(92) : eval()'d code on line 15
[8] 2026-08-01 14:11:27: Undefined index: name in D:\phpstudy_pro\WWW\ZhiCms\base\Template.php(92) : eval()'d code on line 15
[8] 2026-08-01 14:11:27: Undefined index: name in D:\phpstudy_pro\WWW\ZhiCms\base\Template.php(92) : eval()'d code on line 15
[8] 2026-08-01 14:11:27: Undefined index: name in D:\phpstudy_pro\WWW\ZhiCms\base\Template.php(92) : eval()'d code on line 15
[2] 2026-08-01 14:11:27: file_get_contents(D:\phpstudy_pro\WWW\data\cache\\tpl\4b82020563fadd5c676cfff98686c7e6.php): failed to open stream: No such file or directory in D:\phpstudy_pro\WWW\ZhiCms\base\cache\FileCacheDriver.php on line 16
[8] 2026-08-01 14:11:27: Undefined variable: act in D:\phpstudy_pro\WWW\ZhiCms\base\Template.php(92) : eval()'d code on line 170
[8] 2026-08-01 14:11:27: Undefined variable: act in D:\phpstudy_pro\WWW\ZhiCms\base\Template.php(92) : eval()'d code on line 174
[8] 2026-08-01 14:11:27: Undefined variable: act in D:\phpstudy_pro\WWW\ZhiCms\base\Template.php(92) : eval()'d code on line 178
[8] 2026-08-01 14:11:27: Undefined variable: act in D:\phpstudy_pro\WWW\ZhiCms\base\Template.php(92) : eval()'d code on line 182
[8] 2026-08-01 14:11:27: Undefined variable: act in D:\phpstudy_pro\WWW\ZhiCms\base\Template.php(92) : eval()'d code on line 182
[8] 2026-08-01 14:11:27: Undefined variable: act in D:\phpstudy_pro\WWW\ZhiCms\base\Template.php(92) : eval()'d code on line 186
[2] 2026-08-01 14:11:27: Use of undefined constant APP_NAME - assumed 'APP_NAME' (this will throw an Error in a future version of PHP) in D:\phpstudy_pro\WWW\plugins\static_cache\Plugin.php on line 124
[2] 2026-08-01 14:11:27: Use of undefined constant APP_NAME - assumed 'APP_NAME' (this will throw an Error in a future version of PHP) in D:\phpstudy_pro\WWW\plugins\static_cache\Plugin.php on line 124
[8] 2026-08-01 14:19:36: PDO::__construct(): send of 5 bytes failed with errno=10053 你的主机中的软件中止了一个已建立的连接。
 in D:\phpstudy_pro\WWW\ZhiCms\base\db\MysqlPdoDriver.php on line 250
[2] 2026-08-01 14:19:36: Use of undefined constant APP_NAME - assumed 'APP_NAME' (this will throw an Error in a future version of PHP) in D:\phpstudy_pro\WWW\plugins\static_cache\Plugin.php on line 124
[2] 2026-08-01 14:19:36: file_get_contents(D:\phpstudy_pro\WWW\data\cache\\tpl\9b04b78f37df744f52be6140ed392f38.php): failed to open stream: No such file or directory in D:\phpstudy_pro\WWW\ZhiCms\base\cache\FileCacheDriver.php on line 16
[2] 2026-08-01 14:19:36: file_get_contents(D:\phpstudy_pro\WWW\data\cache\\tpl\50d83aa81067e1b23f6920748bee3892.php): failed to open stream: No such file or directory in D:\phpstudy_pro\WWW\ZhiCms\base\cache\FileCacheDriver.php on line 16
[2] 2026-08-01 14:19:36: file_get_contents(D:\phpstudy_pro\WWW\data\cache\\tpl\243fddaffbdfd2365c8fd0bd6a234c36.php): failed to open stream: No such file or directory in D:\phpstudy_pro\WWW\ZhiCms\base\cache\FileCacheDriver.php on line 16
[2] 2026-08-01 14:19:36: Use of undefined constant APP_NAME - assumed 'APP_NAME' (this will throw an Error in a future version of PHP) in D:\phpstudy_pro\WWW\plugins\static_cache\Plugin.php on line 124
[2] 2026-08-01 14:19:41: Use of undefined constant APP_NAME - assumed 'APP_NAME' (this will throw an Error in a future version of PHP) in D:\phpstudy_pro\WWW\plugins\static_cache\Plugin.php on line 124
[2] 2026-08-01 14:19:41: file_get_contents(D:\phpstudy_pro\WWW\data\cache\\tpl\b8951b5fa0e1519a6a4c3d5bd058ca38.php): failed to open stream: No such file or directory in D:\phpstudy_pro\WWW\ZhiCms\base\cache\FileCacheDriver.php on line 16
[8] 2026-08-01 14:19:41: Undefined index: url in D:\phpstudy_pro\WWW\ZhiCms\base\Template.php(92) : eval()'d code on line 111
[8] 2026-08-01 14:19:41: Undefined index: url in D:\phpstudy_pro\WWW\ZhiCms\base\Template.php(92) : eval()'d code on line 111
[2] 2026-08-01 14:19:41: Use of undefined constant APP_NAME - assumed 'APP_NAME' (this will throw an Error in a future version of PHP) in D:\phpstudy_pro\WWW\plugins\static_cache\Plugin.php on line 124
[2] 2026-08-01 14:19:46: Use of undefined constant APP_NAME - assumed 'APP_NAME' (this will throw an Error in a future version of PHP) in D:\phpstudy_pro\WWW\plugins\static_cache\Plugin.php on line 124
[2] 2026-08-01 14:19:46: file_get_contents(D:\phpstudy_pro\WWW\data\cache\\tpl\1a6de0958799f7374d839d79df010cd0.php): failed to open stream: No such file or directory in D:\phpstudy_pro\WWW\ZhiCms\base\cache\FileCacheDriver.php on line 16
[8] 2026-08-01 14:19:46: Undefined variable: pagetext in D:\phpstudy_pro\WWW\ZhiCms\base\Template.php(92) : eval()'d code on line 6
[8] 2026-08-01 14:19:46: Undefined variable: ret in D:\phpstudy_pro\WWW\ZhiCms\base\Template.php(92) : eval()'d code on line 21
[8] 2026-08-01 14:19:46: Undefined variable: ret in D:\phpstudy_pro\WWW\ZhiCms\base\Template.php(92) : eval()'d code on line 59
[8] 2026-08-01 14:19:46: Undefined variable: ret in D:\phpstudy_pro\WWW\ZhiCms\base\Template.php(92) : eval()'d code on line 65
[8] 2026-08-01 14:19:46: Undefined variable: ret in D:\phpstudy_pro\WWW\ZhiCms\base\Template.php(92) : eval()'d code on line 73
[8] 2026-08-01 14:19:46: Undefined variable: ret in D:\phpstudy_pro\WWW\ZhiCms\base\Template.php(92) : eval()'d code on line 79
[8] 2026-08-01 14:19:46: Undefined variable: ret in D:\phpstudy_pro\WWW\ZhiCms\base\Template.php(92) : eval()'d code on line 87
[8] 2026-08-01 14:19:46: Undefined variable: ret in D:\phpstudy_pro\WWW\ZhiCms\base\Template.php(92) : eval()'d code on line 93
[8] 2026-08-01 14:19:46: Undefined variable: ret in D:\phpstudy_pro\WWW\ZhiCms\base\Template.php(92) : eval()'d code on line 99
[8] 2026-08-01 14:19:46: Undefined variable: ret in D:\phpstudy_pro\WWW\ZhiCms\base\Template.php(92) : eval()'d code on line 109
[8] 2026-08-01 14:19:46: Undefined variable: ret in D:\phpstudy_pro\WWW\ZhiCms\base\Template.php(92) : eval()'d code on line 119
[8] 2026-08-01 14:19:46: Undefined variable: html in D:\phpstudy_pro\WWW\ZhiCms\base\Template.php(92) : eval()'d code on line 131
[8] 2026-08-01 14:19:46: Undefined variable: ret in D:\phpstudy_pro\WWW\ZhiCms\base\Template.php(92) : eval()'d code on line 173
[8] 2026-08-01 14:19:46: Undefined variable: ret in D:\phpstudy_pro\WWW\ZhiCms\base\Template.php(92) : eval()'d code on line 180
[8] 2026-08-01 14:19:46: Undefined variable: ret in D:\phpstudy_pro\WWW\ZhiCms\base\Template.php(92) : eval()'d code on line 180
[8] 2026-08-01 14:19:46: Undefined variable: ret in D:\phpstudy_pro\WWW\ZhiCms\base\Template.php(92) : eval()'d code on line 188
[8] 2026-08-01 14:19:46: Undefined variable: ret in D:\phpstudy_pro\WWW\ZhiCms\base\Template.php(92) : eval()'d code on line 189
[2] 2026-08-01 14:19:46: Use of undefined constant APP_NAME - assumed 'APP_NAME' (this will throw an Error in a future version of PHP) in D:\phpstudy_pro\WWW\plugins\static_cache\Plugin.php on line 124
[2] 2026-08-01 14:19:46: Use of undefined constant APP_NAME - assumed 'APP_NAME' (this will throw an Error in a future version of PHP) in D:\phpstudy_pro\WWW\plugins\static_cache\Plugin.php on line 124
[2] 2026-08-01 14:19:47: Use of undefined constant APP_NAME - assumed 'APP_NAME' (this will throw an Error in a future version of PHP) in D:\phpstudy_pro\WWW\plugins\static_cache\Plugin.php on line 124
[8] 2026-08-01 14:19:47: Undefined index: url in D:\phpstudy_pro\WWW\ZhiCms\base\Template.php(92) : eval()'d code on line 111
[8] 2026-08-01 14:19:47: Undefined index: url in D:\phpstudy_pro\WWW\ZhiCms\base\Template.php(92) : eval()'d code on line 111
[2] 2026-08-01 14:19:47: Use of undefined constant APP_NAME - assumed 'APP_NAME' (this will throw an Error in a future version of PHP) in D:\phpstudy_pro\WWW\plugins\static_cache\Plugin.php on line 124
[2] 2026-08-01 14:19:51: Use of undefined constant APP_NAME - assumed 'APP_NAME' (this will throw an Error in a future version of PHP) in D:\phpstudy_pro\WWW\plugins\static_cache\Plugin.php on line 124
[2] 2026-08-01 14:19:51: file_get_contents(D:\phpstudy_pro\WWW\data\cache\\tpl\fa86767cf369a35a3709512c8c59f504.php): failed to open stream: No such file or directory in D:\phpstudy_pro\WWW\ZhiCms\base\cache\FileCacheDriver.php on line 16
[2] 2026-08-01 14:19:52: Use of undefined constant APP_NAME - assumed 'APP_NAME' (this will throw an Error in a future version of PHP) in D:\phpstudy_pro\WWW\plugins\static_cache\Plugin.php on line 124
[2] 2026-08-01 14:20:06: Use of undefined constant APP_NAME - assumed 'APP_NAME' (this will throw an Error in a future version of PHP) in D:\phpstudy_pro\WWW\plugins\static_cache\Plugin.php on line 124
[8] 2026-08-01 14:20:06: Undefined index: url in D:\phpstudy_pro\WWW\ZhiCms\base\Template.php(92) : eval()'d code on line 111
[8] 2026-08-01 14:20:06: Undefined index: url in D:\phpstudy_pro\WWW\ZhiCms\base\Template.php(92) : eval()'d code on line 111
[2] 2026-08-01 14:20:06: Use of undefined constant APP_NAME - assumed 'APP_NAME' (this will throw an Error in a future version of PHP) in D:\phpstudy_pro\WWW\plugins\static_cache\Plugin.php on line 124
[2] 2026-08-01 14:20:10: Use of undefined constant APP_NAME - assumed 'APP_NAME' (this will throw an Error in a future version of PHP) in D:\phpstudy_pro\WWW\plugins\static_cache\Plugin.php on line 124
[8] 2026-08-01 14:20:10: Undefined variable: pagetext in D:\phpstudy_pro\WWW\ZhiCms\base\Template.php(92) : eval()'d code on line 6
[2] 2026-08-01 14:20:10: Use of undefined constant APP_NAME - assumed 'APP_NAME' (this will throw an Error in a future version of PHP) in D:\phpstudy_pro\WWW\plugins\static_cache\Plugin.php on line 124
[2] 2026-08-01 14:20:10: Use of undefined constant APP_NAME - assumed 'APP_NAME' (this will throw an Error in a future version of PHP) in D:\phpstudy_pro\WWW\plugins\static_cache\Plugin.php on line 124
[2] 2026-08-01 14:20:22: Use of undefined constant APP_NAME - assumed 'APP_NAME' (this will throw an Error in a future version of PHP) in D:\phpstudy_pro\WWW\plugins\static_cache\Plugin.php on line 124
[2] 2026-08-01 14:20:22: file_get_contents(D:\phpstudy_pro\WWW\data\cache\\tpl\3e6e9ba6df4f1dd1fa27dcf135e92ac9.php): failed to open stream: No such file or directory in D:\phpstudy_pro\WWW\ZhiCms\base\cache\FileCacheDriver.php on line 16
[2] 2026-08-01 14:20:22: Use of undefined constant APP_NAME - assumed 'APP_NAME' (this will throw an Error in a future version of PHP) in D:\phpstudy_pro\WWW\plugins\static_cache\Plugin.php on line 124
[2] 2026-08-01 14:20:27: Use of undefined constant APP_NAME - assumed 'APP_NAME' (this will throw an Error in a future version of PHP) in D:\phpstudy_pro\WWW\plugins\static_cache\Plugin.php on line 124
[2] 2026-08-01 14:20:36: Use of undefined constant APP_NAME - assumed 'APP_NAME' (this will throw an Error in a future version of PHP) in D:\phpstudy_pro\WWW\plugins\static_cache\Plugin.php on line 124
[2] 2026-08-01 14:22:27: PDO::__construct(): MySQL server has gone away in D:\phpstudy_pro\WWW\ZhiCms\base\db\MysqlPdoDriver.php on line 250
[2] 2026-08-01 14:22:27: Use of undefined constant APP_NAME - assumed 'APP_NAME' (this will throw an Error in a future version of PHP) in D:\phpstudy_pro\WWW\plugins\static_cache\Plugin.php on line 124
[2] 2026-08-01 14:22:31: Use of undefined constant APP_NAME - assumed 'APP_NAME' (this will throw an Error in a future version of PHP) in D:\phpstudy_pro\WWW\plugins\static_cache\Plugin.php on line 124
[2] 2026-08-01 14:22:31: file_get_contents(D:\phpstudy_pro\WWW\data\cache\\tpl\75d396e58b842b71af79fa3de75b69dd.php): failed to open stream: No such file or directory in D:\phpstudy_pro\WWW\ZhiCms\base\cache\FileCacheDriver.php on line 16
[8] 2026-08-01 14:22:31: Undefined index: class in D:\phpstudy_pro\WWW\ZhiCms\base\Template.php(92) : eval()'d code on line 27
[8] 2026-08-01 14:22:31: Undefined index: type in D:\phpstudy_pro\WWW\ZhiCms\base\Template.php(92) : eval()'d code on line 27
[2] 2026-08-01 14:22:33: Use of undefined constant APP_NAME - assumed 'APP_NAME' (this will throw an Error in a future version of PHP) in D:\phpstudy_pro\WWW\plugins\static_cache\Plugin.php on line 124
[8] 2026-08-01 14:22:33: Undefined index: class in D:\phpstudy_pro\WWW\ZhiCms\base\Template.php(92) : eval()'d code on line 27
[8] 2026-08-01 14:22:33: Undefined index: type in D:\phpstudy_pro\WWW\ZhiCms\base\Template.php(92) : eval()'d code on line 27
[8] 2026-08-01 20:08:04: PDO::__construct(): send of 5 bytes failed with errno=10053 你的主机中的软件中止了一个已建立的连接。
 in D:\phpstudy_pro\WWW\ZhiCms\base\db\MysqlPdoDriver.php on line 250
[2] 2026-08-01 20:08:04: Use of undefined constant APP_NAME - assumed 'APP_NAME' (this will throw an Error in a future version of PHP) in D:\phpstudy_pro\WWW\plugins\static_cache\Plugin.php on line 124
[8] 2026-08-01 20:08:06: PDO::__construct(): send of 5 bytes failed with errno=10053 你的主机中的软件中止了一个已建立的连接。
 in D:\phpstudy_pro\WWW\ZhiCms\base\db\MysqlPdoDriver.php on line 250
[2] 2026-08-01 20:08:06: Use of undefined constant APP_NAME - assumed 'APP_NAME' (this will throw an Error in a future version of PHP) in D:\phpstudy_pro\WWW\plugins\static_cache\Plugin.php on line 124
[2] 2026-08-01 20:08:06: file_get_contents(D:\phpstudy_pro\WWW\data\cache\\tpl\a81ad42745b1810fbe1953f4f4426433.php): failed to open stream: No such file or directory in D:\phpstudy_pro\WWW\ZhiCms\base\cache\FileCacheDriver.php on line 16
[2] 2026-08-01 20:08:32: Use of undefined constant APP_NAME - assumed 'APP_NAME' (this will throw an Error in a future version of PHP) in D:\phpstudy_pro\WWW\plugins\static_cache\Plugin.php on line 124
[8] 2026-08-01 21:51:16: PDO::__construct(): send of 5 bytes failed with errno=10053 你的主机中的软件中止了一个已建立的连接。
 in D:\phpstudy_pro\WWW\ZhiCms\base\db\MysqlPdoDriver.php on line 259
[2] 2026-08-01 21:51:16: Use of undefined constant APP_NAME - assumed 'APP_NAME' (this will throw an Error in a future version of PHP) in D:\phpstudy_pro\WWW\plugins\static_cache\Plugin.php on line 124
[2] 2026-08-01 21:51:16: file_get_contents(D:\phpstudy_pro\WWW\data\cache\\tpl\d3e6a85b499f695a437ba74f1316e02c.php): failed to open stream: No such file or directory in D:\phpstudy_pro\WWW\ZhiCms\base\cache\FileCacheDriver.php on line 16
[2] 2026-08-01 21:51:16: file_get_contents(D:\phpstudy_pro\WWW\data\cache\\tpl\b09c015327419e9797d5a09d9a600cce.php): failed to open stream: No such file or directory in D:\phpstudy_pro\WWW\ZhiCms\base\cache\FileCacheDriver.php on line 16
[2] 2026-08-01 21:51:16: file_get_contents(D:\phpstudy_pro\WWW\data\cache\\tpl\34d1d0f47ed9b74c26bd7a5575c90ae2.php): failed to open stream: No such file or directory in D:\phpstudy_pro\WWW\ZhiCms\base\cache\FileCacheDriver.php on line 16
[2] 2026-08-01 21:51:16: file_get_contents(D:\phpstudy_pro\WWW\data\cache\\tpl\8a6f2498ca8752e5241250839854deb4.php): failed to open stream: No such file or directory in D:\phpstudy_pro\WWW\ZhiCms\base\cache\FileCacheDriver.php on line 16
[2] 2026-08-01 21:51:16: file_get_contents(D:\phpstudy_pro\WWW\data\cache\\tpl\4b82020563fadd5c676cfff98686c7e6.php): failed to open stream: No such file or directory in D:\phpstudy_pro\WWW\ZhiCms\base\cache\FileCacheDriver.php on line 16
[8] 2026-08-01 21:51:16: Undefined variable: act in D:\phpstudy_pro\WWW\ZhiCms\base\Template.php(92) : eval()'d code on line 170
[8] 2026-08-01 21:51:16: Undefined variable: act in D:\phpstudy_pro\WWW\ZhiCms\base\Template.php(92) : eval()'d code on line 174
[8] 2026-08-01 21:51:16: Undefined variable: act in D:\phpstudy_pro\WWW\ZhiCms\base\Template.php(92) : eval()'d code on line 178
[8] 2026-08-01 21:51:16: Undefined variable: act in D:\phpstudy_pro\WWW\ZhiCms\base\Template.php(92) : eval()'d code on line 182
[8] 2026-08-01 21:51:16: Undefined variable: act in D:\phpstudy_pro\WWW\ZhiCms\base\Template.php(92) : eval()'d code on line 182
[8] 2026-08-01 21:51:16: Undefined variable: act in D:\phpstudy_pro\WWW\ZhiCms\base\Template.php(92) : eval()'d code on line 186
[2] 2026-08-01 21:51:16: Use of undefined constant APP_NAME - assumed 'APP_NAME' (this will throw an Error in a future version of PHP) in D:\phpstudy_pro\WWW\plugins\static_cache\Plugin.php on line 124
[2] 2026-08-01 21:51:16: file_get_contents(D:\phpstudy_pro\WWW\data\cache\\tpl\75d396e58b842b71af79fa3de75b69dd.php): failed to open stream: No such file or directory in D:\phpstudy_pro\WWW\ZhiCms\base\cache\FileCacheDriver.php on line 16
[8] 2026-08-01 21:51:16: Undefined index: class in D:\phpstudy_pro\WWW\ZhiCms\base\Template.php(92) : eval()'d code on line 27
[8] 2026-08-01 21:51:16: Undefined index: type in D:\phpstudy_pro\WWW\ZhiCms\base\Template.php(92) : eval()'d code on line 27
[8] 2026-08-01 21:51:16: PDO::__construct(): send of 5 bytes failed with errno=10053 你的主机中的软件中止了一个已建立的连接。
 in D:\phpstudy_pro\WWW\ZhiCms\base\db\MysqlPdoDriver.php on line 259
[2] 2026-08-01 21:51:16: Use of undefined constant APP_NAME - assumed 'APP_NAME' (this will throw an Error in a future version of PHP) in D:\phpstudy_pro\WWW\plugins\static_cache\Plugin.php on line 124
[8] 2026-08-01 21:51:16: Undefined index: class in D:\phpstudy_pro\WWW\ZhiCms\base\Template.php(92) : eval()'d code on line 27
[8] 2026-08-01 21:51:16: Undefined index: type in D:\phpstudy_pro\WWW\ZhiCms\base\Template.php(92) : eval()'d code on line 27
[2] 2026-08-01 21:51:16: Use of undefined constant APP_NAME - assumed 'APP_NAME' (this will throw an Error in a future version of PHP) in D:\phpstudy_pro\WWW\plugins\static_cache\Plugin.php on line 124
[8] 2026-08-01 21:51:16: Undefined index: class in D:\phpstudy_pro\WWW\ZhiCms\base\Template.php(92) : eval()'d code on line 27
[8] 2026-08-01 21:51:16: Undefined index: type in D:\phpstudy_pro\WWW\ZhiCms\base\Template.php(92) : eval()'d code on line 27
[2] 2026-08-01 21:51:31: Use of undefined constant APP_NAME - assumed 'APP_NAME' (this will throw an Error in a future version of PHP) in D:\phpstudy_pro\WWW\plugins\static_cache\Plugin.php on line 124
[2] 2026-08-01 21:51:31: file_get_contents(D:\phpstudy_pro\WWW\data\cache\\tpl\533f4256ae42f6551dd2379519c2a24b.php): failed to open stream: No such file or directory in D:\phpstudy_pro\WWW\ZhiCms\base\cache\FileCacheDriver.php on line 16
[2] 2026-08-01 21:51:31: file_get_contents(D:\phpstudy_pro\WWW\data\cache\\tpl\e60564b3b2e227585f9c82657b47e52a.php): failed to open stream: No such file or directory in D:\phpstudy_pro\WWW\ZhiCms\base\cache\FileCacheDriver.php on line 16
[8] 2026-08-01 21:51:31: Undefined index: name in D:\phpstudy_pro\WWW\ZhiCms\base\Template.php(92) : eval()'d code on line 15
[8] 2026-08-01 21:51:31: Undefined index: name in D:\phpstudy_pro\WWW\ZhiCms\base\Template.php(92) : eval()'d code on line 15
[8] 2026-08-01 21:51:31: Undefined index: name in D:\phpstudy_pro\WWW\ZhiCms\base\Template.php(92) : eval()'d code on line 15
[8] 2026-08-01 21:51:31: Undefined index: name in D:\phpstudy_pro\WWW\ZhiCms\base\Template.php(92) : eval()'d code on line 15
[8] 2026-08-01 21:51:31: Undefined index: name in D:\phpstudy_pro\WWW\ZhiCms\base\Template.php(92) : eval()'d code on line 15
[8] 2026-08-01 21:51:31: Undefined variable: act in D:\phpstudy_pro\WWW\ZhiCms\base\Template.php(92) : eval()'d code on line 170
[8] 2026-08-01 21:51:31: Undefined variable: act in D:\phpstudy_pro\WWW\ZhiCms\base\Template.php(92) : eval()'d code on line 174
[8] 2026-08-01 21:51:31: Undefined variable: act in D:\phpstudy_pro\WWW\ZhiCms\base\Template.php(92) : eval()'d code on line 178
[8] 2026-08-01 21:51:31: Undefined variable: act in D:\phpstudy_pro\WWW\ZhiCms\base\Template.php(92) : eval()'d code on line 182
[8] 2026-08-01 21:51:31: Undefined variable: act in D:\phpstudy_pro\WWW\ZhiCms\base\Template.php(92) : eval()'d code on line 182
[8] 2026-08-01 21:51:31: Undefined variable: act in D:\phpstudy_pro\WWW\ZhiCms\base\Template.php(92) : eval()'d code on line 186
[2] 2026-08-01 21:51:32: Use of undefined constant APP_NAME - assumed 'APP_NAME' (this will throw an Error in a future version of PHP) in D:\phpstudy_pro\WWW\plugins\static_cache\Plugin.php on line 124
[2] 2026-08-01 21:51:32: Use of undefined constant APP_NAME - assumed 'APP_NAME' (this will throw an Error in a future version of PHP) in D:\phpstudy_pro\WWW\plugins\static_cache\Plugin.php on line 124
[2] 2026-08-01 21:51:33: Use of undefined constant APP_NAME - assumed 'APP_NAME' (this will throw an Error in a future version of PHP) in D:\phpstudy_pro\WWW\plugins\static_cache\Plugin.php on line 124
[2] 2026-08-01 21:51:33: Use of undefined constant APP_NAME - assumed 'APP_NAME' (this will throw an Error in a future version of PHP) in D:\phpstudy_pro\WWW\plugins\static_cache\Plugin.php on line 124
[2] 2026-08-01 21:51:33: Use of undefined constant APP_NAME - assumed 'APP_NAME' (this will throw an Error in a future version of PHP) in D:\phpstudy_pro\WWW\plugins\static_cache\Plugin.php on line 124
[2] 2026-08-01 21:51:36: Use of undefined constant APP_NAME - assumed 'APP_NAME' (this will throw an Error in a future version of PHP) in D:\phpstudy_pro\WWW\plugins\static_cache\Plugin.php on line 124
[8] 2026-08-01 21:51:36: Undefined variable: act in D:\phpstudy_pro\WWW\ZhiCms\base\Template.php(92) : eval()'d code on line 170
[8] 2026-08-01 21:51:36: Undefined variable: act in D:\phpstudy_pro\WWW\ZhiCms\base\Template.php(92) : eval()'d code on line 174
[8] 2026-08-01 21:51:36: Undefined variable: act in D:\phpstudy_pro\WWW\ZhiCms\base\Template.php(92) : eval()'d code on line 178
[8] 2026-08-01 21:51:36: Undefined variable: act in D:\phpstudy_pro\WWW\ZhiCms\base\Template.php(92) : eval()'d code on line 182
[8] 2026-08-01 21:51:36: Undefined variable: act in D:\phpstudy_pro\WWW\ZhiCms\base\Template.php(92) : eval()'d code on line 182
[8] 2026-08-01 21:51:36: Undefined variable: act in D:\phpstudy_pro\WWW\ZhiCms\base\Template.php(92) : eval()'d code on line 186
[2] 2026-08-01 21:51:36: Use of undefined constant APP_NAME - assumed 'APP_NAME' (this will throw an Error in a future version of PHP) in D:\phpstudy_pro\WWW\plugins\static_cache\Plugin.php on line 124
[2] 2026-08-01 21:51:36: Use of undefined constant APP_NAME - assumed 'APP_NAME' (this will throw an Error in a future version of PHP) in D:\phpstudy_pro\WWW\plugins\static_cache\Plugin.php on line 124
[2] 2026-08-01 21:51:36: Use of undefined constant APP_NAME - assumed 'APP_NAME' (this will throw an Error in a future version of PHP) in D:\phpstudy_pro\WWW\plugins\static_cache\Plugin.php on line 124
[2] 2026-08-01 21:51:46: Use of undefined constant APP_NAME - assumed 'APP_NAME' (this will throw an Error in a future version of PHP) in D:\phpstudy_pro\WWW\plugins\static_cache\Plugin.php on line 124
[2] 2026-08-01 21:51:46: file_get_contents(D:\phpstudy_pro\WWW\data\cache\\tpl\600d208f98c9b23f3f0a2218ccb0320d.php): failed to open stream: No such file or directory in D:\phpstudy_pro\WWW\ZhiCms\base\cache\FileCacheDriver.php on line 16
[8] 2026-08-01 21:51:46: Undefined variable: act in D:\phpstudy_pro\WWW\ZhiCms\base\Template.php(92) : eval()'d code on line 170
[8] 2026-08-01 21:51:46: Undefined variable: act in D:\phpstudy_pro\WWW\ZhiCms\base\Template.php(92) : eval()'d code on line 174
[8] 2026-08-01 21:51:46: Undefined variable: act in D:\phpstudy_pro\WWW\ZhiCms\base\Template.php(92) : eval()'d code on line 178
[8] 2026-08-01 21:51:46: Undefined variable: act in D:\phpstudy_pro\WWW\ZhiCms\base\Template.php(92) : eval()'d code on line 182
[8] 2026-08-01 21:51:46: Undefined variable: act in D:\phpstudy_pro\WWW\ZhiCms\base\Template.php(92) : eval()'d code on line 182
[8] 2026-08-01 21:51:46: Undefined variable: act in D:\phpstudy_pro\WWW\ZhiCms\base\Template.php(92) : eval()'d code on line 186
[2] 2026-08-01 21:51:46: Use of undefined constant APP_NAME - assumed 'APP_NAME' (this will throw an Error in a future version of PHP) in D:\phpstudy_pro\WWW\plugins\static_cache\Plugin.php on line 124
[2] 2026-08-01 21:51:46: Use of undefined constant APP_NAME - assumed 'APP_NAME' (this will throw an Error in a future version of PHP) in D:\phpstudy_pro\WWW\plugins\static_cache\Plugin.php on line 124
[2] 2026-08-01 21:51:47: Use of undefined constant APP_NAME - assumed 'APP_NAME' (this will throw an Error in a future version of PHP) in D:\phpstudy_pro\WWW\plugins\static_cache\Plugin.php on line 124
[8] 2026-08-01 21:51:47: Accessing static property app\index\controller\RankController::$rankTypes as non static in D:\phpstudy_pro\WWW\app\index\controller\RankController.php on line 43
[2] 2026-08-01 21:51:47: file_get_contents(D:\phpstudy_pro\WWW\data\cache\\tpl\b27d6e42dadaad04d36af75a0e39ba29.php): failed to open stream: No such file or directory in D:\phpstudy_pro\WWW\ZhiCms\base\cache\FileCacheDriver.php on line 16
[8] 2026-08-01 21:51:47: Undefined variable: act in D:\phpstudy_pro\WWW\ZhiCms\base\Template.php(92) : eval()'d code on line 170
[8] 2026-08-01 21:51:47: Undefined variable: act in D:\phpstudy_pro\WWW\ZhiCms\base\Template.php(92) : eval()'d code on line 174
[8] 2026-08-01 21:51:47: Undefined variable: act in D:\phpstudy_pro\WWW\ZhiCms\base\Template.php(92) : eval()'d code on line 178
[8] 2026-08-01 21:51:47: Undefined variable: act in D:\phpstudy_pro\WWW\ZhiCms\base\Template.php(92) : eval()'d code on line 182
[8] 2026-08-01 21:51:47: Undefined variable: act in D:\phpstudy_pro\WWW\ZhiCms\base\Template.php(92) : eval()'d code on line 182
[8] 2026-08-01 21:51:47: Undefined variable: act in D:\phpstudy_pro\WWW\ZhiCms\base\Template.php(92) : eval()'d code on line 186
[2] 2026-08-01 21:51:48: Use of undefined constant APP_NAME - assumed 'APP_NAME' (this will throw an Error in a future version of PHP) in D:\phpstudy_pro\WWW\plugins\static_cache\Plugin.php on line 124
[2] 2026-08-01 21:51:48: Use of undefined constant APP_NAME - assumed 'APP_NAME' (this will throw an Error in a future version of PHP) in D:\phpstudy_pro\WWW\plugins\static_cache\Plugin.php on line 124
[2] 2026-08-01 21:51:48: Use of undefined constant APP_NAME - assumed 'APP_NAME' (this will throw an Error in a future version of PHP) in D:\phpstudy_pro\WWW\plugins\static_cache\Plugin.php on line 124
[2] 2026-08-01 21:51:48: Use of undefined constant APP_NAME - assumed 'APP_NAME' (this will throw an Error in a future version of PHP) in D:\phpstudy_pro\WWW\plugins\static_cache\Plugin.php on line 124
[2] 2026-08-01 21:51:48: Use of undefined constant APP_NAME - assumed 'APP_NAME' (this will throw an Error in a future version of PHP) in D:\phpstudy_pro\WWW\plugins\static_cache\Plugin.php on line 124
[2] 2026-08-02 08:51:59: Use of undefined constant APP_NAME - assumed 'APP_NAME' (this will throw an Error in a future version of PHP) in D:\phpstudy_pro\WWW\plugins\static_cache\Plugin.php on line 124
[2] 2026-08-02 08:52:00: file_get_contents(D:\phpstudy_pro\WWW\data\cache\\tpl\533f4256ae42f6551dd2379519c2a24b.php): failed to open stream: No such file or directory in D:\phpstudy_pro\WWW\ZhiCms\base\cache\FileCacheDriver.php on line 16
[2] 2026-08-02 08:52:00: file_get_contents(D:\phpstudy_pro\WWW\data\cache\\tpl\b09c015327419e9797d5a09d9a600cce.php): failed to open stream: No such file or directory in D:\phpstudy_pro\WWW\ZhiCms\base\cache\FileCacheDriver.php on line 16
[2] 2026-08-02 08:52:00: file_get_contents(D:\phpstudy_pro\WWW\data\cache\\tpl\e60564b3b2e227585f9c82657b47e52a.php): failed to open stream: No such file or directory in D:\phpstudy_pro\WWW\ZhiCms\base\cache\FileCacheDriver.php on line 16
[2] 2026-08-02 08:52:00: file_get_contents(D:\phpstudy_pro\WWW\data\cache\\tpl\8a6f2498ca8752e5241250839854deb4.php): failed to open stream: No such file or directory in D:\phpstudy_pro\WWW\ZhiCms\base\cache\FileCacheDriver.php on line 16
[8] 2026-08-02 08:52:00: Undefined index: name in D:\phpstudy_pro\WWW\ZhiCms\base\Template.php(92) : eval()'d code on line 15
[8] 2026-08-02 08:52:00: Undefined index: name in D:\phpstudy_pro\WWW\ZhiCms\base\Template.php(92) : eval()'d code on line 15
[8] 2026-08-02 08:52:00: Undefined index: name in D:\phpstudy_pro\WWW\ZhiCms\base\Template.php(92) : eval()'d code on line 15
[8] 2026-08-02 08:52:00: Undefined index: name in D:\phpstudy_pro\WWW\ZhiCms\base\Template.php(92) : eval()'d code on line 15
[8] 2026-08-02 08:52:00: Undefined index: name in D:\phpstudy_pro\WWW\ZhiCms\base\Template.php(92) : eval()'d code on line 15
[2] 2026-08-02 08:52:00: file_get_contents(D:\phpstudy_pro\WWW\data\cache\\tpl\4b82020563fadd5c676cfff98686c7e6.php): failed to open stream: No such file or directory in D:\phpstudy_pro\WWW\ZhiCms\base\cache\FileCacheDriver.php on line 16
[8] 2026-08-02 08:52:00: Undefined variable: act in D:\phpstudy_pro\WWW\ZhiCms\base\Template.php(92) : eval()'d code on line 170
[8] 2026-08-02 08:52:00: Undefined variable: act in D:\phpstudy_pro\WWW\ZhiCms\base\Template.php(92) : eval()'d code on line 174
[8] 2026-08-02 08:52:00: Undefined variable: act in D:\phpstudy_pro\WWW\ZhiCms\base\Template.php(92) : eval()'d code on line 178
[8] 2026-08-02 08:52:00: Undefined variable: act in D:\phpstudy_pro\WWW\ZhiCms\base\Template.php(92) : eval()'d code on line 182
[8] 2026-08-02 08:52:00: Undefined variable: act in D:\phpstudy_pro\WWW\ZhiCms\base\Template.php(92) : eval()'d code on line 182
[8] 2026-08-02 08:52:00: Undefined variable: act in D:\phpstudy_pro\WWW\ZhiCms\base\Template.php(92) : eval()'d code on line 186
[2] 2026-08-02 08:52:00: Use of undefined constant APP_NAME - assumed 'APP_NAME' (this will throw an Error in a future version of PHP) in D:\phpstudy_pro\WWW\plugins\static_cache\Plugin.php on line 124
[2] 2026-08-02 08:52:00: file_get_contents(D:\phpstudy_pro\WWW\data\cache\\tpl\75d396e58b842b71af79fa3de75b69dd.php): failed to open stream: No such file or directory in D:\phpstudy_pro\WWW\ZhiCms\base\cache\FileCacheDriver.php on line 16
[8] 2026-08-02 08:52:00: Undefined index: class in D:\phpstudy_pro\WWW\ZhiCms\base\Template.php(92) : eval()'d code on line 27
[8] 2026-08-02 08:52:00: Undefined index: type in D:\phpstudy_pro\WWW\ZhiCms\base\Template.php(92) : eval()'d code on line 27
[2] 2026-08-02 08:52:00: Use of undefined constant APP_NAME - assumed 'APP_NAME' (this will throw an Error in a future version of PHP) in D:\phpstudy_pro\WWW\plugins\static_cache\Plugin.php on line 124
[8] 2026-08-02 08:52:00: Undefined index: class in D:\phpstudy_pro\WWW\ZhiCms\base\Template.php(92) : eval()'d code on line 27
[8] 2026-08-02 08:52:00: Undefined index: type in D:\phpstudy_pro\WWW\ZhiCms\base\Template.php(92) : eval()'d code on line 27
[2] 2026-08-02 08:52:05: Use of undefined constant APP_NAME - assumed 'APP_NAME' (this will throw an Error in a future version of PHP) in D:\phpstudy_pro\WWW\plugins\static_cache\Plugin.php on line 124
[2] 2026-08-02 08:52:05: Use of undefined constant APP_NAME - assumed 'APP_NAME' (this will throw an Error in a future version of PHP) in D:\phpstudy_pro\WWW\plugins\static_cache\Plugin.php on line 124
[2] 2026-08-02 08:52:05: file_get_contents(D:\phpstudy_pro\WWW\data\cache\\tpl\f3a34462c9a16e7d2bc4abe6add17a38.php): failed to open stream: No such file or directory in D:\phpstudy_pro\WWW\ZhiCms\base\cache\FileCacheDriver.php on line 16
[2] 2026-08-02 08:52:05: Use of undefined constant APP_NAME - assumed 'APP_NAME' (this will throw an Error in a future version of PHP) in D:\phpstudy_pro\WWW\plugins\static_cache\Plugin.php on line 124
[8] 2026-08-02 08:52:05: Undefined index: class in D:\phpstudy_pro\WWW\ZhiCms\base\Template.php(92) : eval()'d code on line 27
[8] 2026-08-02 08:52:05: Undefined index: type in D:\phpstudy_pro\WWW\ZhiCms\base\Template.php(92) : eval()'d code on line 27
[2] 2026-08-02 08:52:20: Use of undefined constant APP_NAME - assumed 'APP_NAME' (this will throw an Error in a future version of PHP) in D:\phpstudy_pro\WWW\plugins\static_cache\Plugin.php on line 124
[2] 2026-08-02 08:52:20: file_get_contents(D:\phpstudy_pro\WWW\data\cache\\tpl\9b04b78f37df744f52be6140ed392f38.php): failed to open stream: No such file or directory in D:\phpstudy_pro\WWW\ZhiCms\base\cache\FileCacheDriver.php on line 16
[2] 2026-08-02 08:52:20: file_get_contents(D:\phpstudy_pro\WWW\data\cache\\tpl\50d83aa81067e1b23f6920748bee3892.php): failed to open stream: No such file or directory in D:\phpstudy_pro\WWW\ZhiCms\base\cache\FileCacheDriver.php on line 16
[2] 2026-08-02 08:52:20: file_get_contents(D:\phpstudy_pro\WWW\data\cache\\tpl\243fddaffbdfd2365c8fd0bd6a234c36.php): failed to open stream: No such file or directory in D:\phpstudy_pro\WWW\ZhiCms\base\cache\FileCacheDriver.php on line 16
[2] 2026-08-02 08:52:24: Use of undefined constant APP_NAME - assumed 'APP_NAME' (this will throw an Error in a future version of PHP) in D:\phpstudy_pro\WWW\plugins\static_cache\Plugin.php on line 124
[2] 2026-08-02 08:52:30: Use of undefined constant APP_NAME - assumed 'APP_NAME' (this will throw an Error in a future version of PHP) in D:\phpstudy_pro\WWW\plugins\static_cache\Plugin.php on line 124
[2] 2026-08-02 08:52:30: file_get_contents(D:\phpstudy_pro\WWW\data\cache\\tpl\fc64ad592dc82673624f27b316e40432.php): failed to open stream: No such file or directory in D:\phpstudy_pro\WWW\ZhiCms\base\cache\FileCacheDriver.php on line 16
[2] 2026-08-02 08:52:31: Use of undefined constant APP_NAME - assumed 'APP_NAME' (this will throw an Error in a future version of PHP) in D:\phpstudy_pro\WWW\plugins\static_cache\Plugin.php on line 124
[8] 2026-08-02 08:52:31: Undefined index: class in D:\phpstudy_pro\WWW\ZhiCms\base\Template.php(92) : eval()'d code on line 27
[8] 2026-08-02 08:52:31: Undefined index: type in D:\phpstudy_pro\WWW\ZhiCms\base\Template.php(92) : eval()'d code on line 27
[2] 2026-08-02 08:54:02: Use of undefined constant APP_NAME - assumed 'APP_NAME' (this will throw an Error in a future version of PHP) in D:\phpstudy_pro\WWW\plugins\static_cache\Plugin.php on line 124
[2] 2026-08-02 08:54:07: Use of undefined constant APP_NAME - assumed 'APP_NAME' (this will throw an Error in a future version of PHP) in D:\phpstudy_pro\WWW\plugins\static_cache\Plugin.php on line 124
[2] 2026-08-02 08:54:08: file_get_contents(D:\phpstudy_pro\WWW\data\cache\\tpl\8ac9d60bb2c713de61cedc2641530695.php): failed to open stream: No such file or directory in D:\phpstudy_pro\WWW\ZhiCms\base\cache\FileCacheDriver.php on line 16
[2] 2026-08-02 08:54:44: Use of undefined constant APP_NAME - assumed 'APP_NAME' (this will throw an Error in a future version of PHP) in D:\phpstudy_pro\WWW\plugins\static_cache\Plugin.php on line 124
[8] 2026-08-02 09:00:39: PDO::__construct(): send of 5 bytes failed with errno=10053 你的主机中的软件中止了一个已建立的连接。
 in D:\phpstudy_pro\WWW\ZhiCms\base\db\MysqlPdoDriver.php on line 259
[2] 2026-08-02 09:00:39: Use of undefined constant APP_NAME - assumed 'APP_NAME' (this will throw an Error in a future version of PHP) in D:\phpstudy_pro\WWW\plugins\static_cache\Plugin.php on line 124
[2] 2026-08-02 09:00:39: file_get_contents(D:\phpstudy_pro\WWW\data\cache\\tpl\84838ac1605365e16549f36504d95b3a.php): failed to open stream: No such file or directory in D:\phpstudy_pro\WWW\ZhiCms\base\cache\FileCacheDriver.php on line 16
[2] 2026-08-02 09:00:39: file_get_contents(D:\phpstudy_pro\WWW\data\cache\\tpl\50d83aa81067e1b23f6920748bee3892.php): failed to open stream: No such file or directory in D:\phpstudy_pro\WWW\ZhiCms\base\cache\FileCacheDriver.php on line 16
[2] 2026-08-02 09:00:39: file_get_contents(D:\phpstudy_pro\WWW\data\cache\\tpl\243fddaffbdfd2365c8fd0bd6a234c36.php): failed to open stream: No such file or directory in D:\phpstudy_pro\WWW\ZhiCms\base\cache\FileCacheDriver.php on line 16
[2] 2026-08-02 09:00:41: Use of undefined constant APP_NAME - assumed 'APP_NAME' (this will throw an Error in a future version of PHP) in D:\phpstudy_pro\WWW\plugins\static_cache\Plugin.php on line 124
[2] 2026-08-02 09:00:41: file_get_contents(D:\phpstudy_pro\WWW\data\cache\\tpl\44578718c3a6ff0c8fa7314f072c802d.php): failed to open stream: No such file or directory in D:\phpstudy_pro\WWW\ZhiCms\base\cache\FileCacheDriver.php on line 16
[8] 2026-08-02 09:00:41: Undefined index: date in D:\phpstudy_pro\WWW\ZhiCms\base\Template.php(92) : eval()'d code on line 98
[8] 2026-08-02 09:00:41: Undefined index: date in D:\phpstudy_pro\WWW\ZhiCms\base\Template.php(92) : eval()'d code on line 98
[8] 2026-08-02 09:00:41: Undefined index: date in D:\phpstudy_pro\WWW\ZhiCms\base\Template.php(92) : eval()'d code on line 98
[8] 2026-08-02 09:00:41: Undefined index: date in D:\phpstudy_pro\WWW\ZhiCms\base\Template.php(92) : eval()'d code on line 98
[8] 2026-08-02 09:00:41: Undefined index: date in D:\phpstudy_pro\WWW\ZhiCms\base\Template.php(92) : eval()'d code on line 98
[2] 2026-08-02 09:00:45: Use of undefined constant APP_NAME - assumed 'APP_NAME' (this will throw an Error in a future version of PHP) in D:\phpstudy_pro\WWW\plugins\static_cache\Plugin.php on line 124
[2] 2026-08-02 09:00:45: file_get_contents(D:\phpstudy_pro\WWW\data\cache\\tpl\691f40c9a37dcd6e6eb3a4c0724984be.php): failed to open stream: No such file or directory in D:\phpstudy_pro\WWW\ZhiCms\base\cache\FileCacheDriver.php on line 16
[8] 2026-08-02 09:00:45: Undefined variable: pagetext in D:\phpstudy_pro\WWW\ZhiCms\base\Template.php(92) : eval()'d code on line 6
[8] 2026-08-02 09:00:45: Undefined variable: pagetext in D:\phpstudy_pro\WWW\ZhiCms\base\Template.php(92) : eval()'d code on line 16
[8] 2026-08-02 09:00:45: Undefined variable: ret in D:\phpstudy_pro\WWW\ZhiCms\base\Template.php(92) : eval()'d code on line 22
[8] 2026-08-02 09:00:45: Undefined variable: ret in D:\phpstudy_pro\WWW\ZhiCms\base\Template.php(92) : eval()'d code on line 27
[8] 2026-08-02 09:00:45: Undefined variable: ret in D:\phpstudy_pro\WWW\ZhiCms\base\Template.php(92) : eval()'d code on line 32
[8] 2026-08-02 09:00:45: Undefined variable: html in D:\phpstudy_pro\WWW\ZhiCms\base\Template.php(92) : eval()'d code on line 35
[2] 2026-08-02 09:00:56: Use of undefined constant APP_NAME - assumed 'APP_NAME' (this will throw an Error in a future version of PHP) in D:\phpstudy_pro\WWW\plugins\static_cache\Plugin.php on line 124
[8] 2026-08-02 09:00:56: Undefined index: date in D:\phpstudy_pro\WWW\ZhiCms\base\Template.php(92) : eval()'d code on line 98
[8] 2026-08-02 09:00:56: Undefined index: date in D:\phpstudy_pro\WWW\ZhiCms\base\Template.php(92) : eval()'d code on line 98
[8] 2026-08-02 09:00:56: Undefined index: date in D:\phpstudy_pro\WWW\ZhiCms\base\Template.php(92) : eval()'d code on line 98
[8] 2026-08-02 09:00:56: Undefined index: date in D:\phpstudy_pro\WWW\ZhiCms\base\Template.php(92) : eval()'d code on line 98
[8] 2026-08-02 09:00:56: Undefined index: date in D:\phpstudy_pro\WWW\ZhiCms\base\Template.php(92) : eval()'d code on line 98
[8] 2026-08-02 09:00:56: Undefined index: date in D:\phpstudy_pro\WWW\ZhiCms\base\Template.php(92) : eval()'d code on line 98
[2] 2026-08-02 09:01:00: Use of undefined constant APP_NAME - assumed 'APP_NAME' (this will throw an Error in a future version of PHP) in D:\phpstudy_pro\WWW\plugins\static_cache\Plugin.php on line 124
[8] 2026-08-02 09:01:00: Undefined variable: pagetext in D:\phpstudy_pro\WWW\ZhiCms\base\Template.php(92) : eval()'d code on line 6
[8] 2026-08-02 09:01:00: Undefined variable: pagetext in D:\phpstudy_pro\WWW\ZhiCms\base\Template.php(92) : eval()'d code on line 16
[2] 2026-08-02 09:02:56: Use of undefined constant APP_NAME - assumed 'APP_NAME' (this will throw an Error in a future version of PHP) in D:\phpstudy_pro\WWW\plugins\static_cache\Plugin.php on line 124
[2] 2026-08-02 09:02:58: Use of undefined constant APP_NAME - assumed 'APP_NAME' (this will throw an Error in a future version of PHP) in D:\phpstudy_pro\WWW\plugins\static_cache\Plugin.php on line 124
[2] 2026-08-02 09:02:58: file_get_contents(D:\phpstudy_pro\WWW\data\cache\\tpl\c3652f838b72f4e5be0e2797279406c8.php): failed to open stream: No such file or directory in D:\phpstudy_pro\WWW\ZhiCms\base\cache\FileCacheDriver.php on line 16
[2] 2026-08-02 09:03:07: Use of undefined constant APP_NAME - assumed 'APP_NAME' (this will throw an Error in a future version of PHP) in D:\phpstudy_pro\WWW\plugins\static_cache\Plugin.php on line 124
[2] 2026-08-02 09:03:09: Use of undefined constant APP_NAME - assumed 'APP_NAME' (this will throw an Error in a future version of PHP) in D:\phpstudy_pro\WWW\plugins\static_cache\Plugin.php on line 124
[2] 2026-08-02 09:03:16: Use of undefined constant APP_NAME - assumed 'APP_NAME' (this will throw an Error in a future version of PHP) in D:\phpstudy_pro\WWW\plugins\static_cache\Plugin.php on line 124
[2] 2026-08-02 09:03:19: Use of undefined constant APP_NAME - assumed 'APP_NAME' (this will throw an Error in a future version of PHP) in D:\phpstudy_pro\WWW\plugins\static_cache\Plugin.php on line 124
[2] 2026-08-02 09:03:32: Use of undefined constant APP_NAME - assumed 'APP_NAME' (this will throw an Error in a future version of PHP) in D:\phpstudy_pro\WWW\plugins\static_cache\Plugin.php on line 124
[2] 2026-08-02 09:04:11: Use of undefined constant APP_NAME - assumed 'APP_NAME' (this will throw an Error in a future version of PHP) in D:\phpstudy_pro\WWW\plugins\static_cache\Plugin.php on line 124
[2] 2026-08-02 09:04:11: file_get_contents(D:\phpstudy_pro\WWW\data\cache\\tpl\502ef5051e80e93c9cf10031d7248b4e.php): failed to open stream: No such file or directory in D:\phpstudy_pro\WWW\ZhiCms\base\cache\FileCacheDriver.php on line 16
[2] 2026-08-02 09:04:18: Use of undefined constant APP_NAME - assumed 'APP_NAME' (this will throw an Error in a future version of PHP) in D:\phpstudy_pro\WWW\plugins\static_cache\Plugin.php on line 124
[2] 2026-08-02 09:04:18: file_get_contents(D:\phpstudy_pro\WWW\data\cache\\tpl\aa5c7ecb4fd08c4c55232b83b67550f9.php): failed to open stream: No such file or directory in D:\phpstudy_pro\WWW\ZhiCms\base\cache\FileCacheDriver.php on line 16
[2] 2026-08-02 09:04:21: Use of undefined constant APP_NAME - assumed 'APP_NAME' (this will throw an Error in a future version of PHP) in D:\phpstudy_pro\WWW\plugins\static_cache\Plugin.php on line 124
[2] 2026-08-02 09:04:22: file_get_contents(D:\phpstudy_pro\WWW\data\cache\\tpl\fc64ad592dc82673624f27b316e40432.php): failed to open stream: No such file or directory in D:\phpstudy_pro\WWW\ZhiCms\base\cache\FileCacheDriver.php on line 16
[2] 2026-08-02 09:04:23: Use of undefined constant APP_NAME - assumed 'APP_NAME' (this will throw an Error in a future version of PHP) in D:\phpstudy_pro\WWW\plugins\static_cache\Plugin.php on line 124
[2] 2026-08-02 09:04:23: file_get_contents(D:\phpstudy_pro\WWW\data\cache\\tpl\3e6e9ba6df4f1dd1fa27dcf135e92ac9.php): failed to open stream: No such file or directory in D:\phpstudy_pro\WWW\ZhiCms\base\cache\FileCacheDriver.php on line 16
[2] 2026-08-02 09:04:26: Use of undefined constant APP_NAME - assumed 'APP_NAME' (this will throw an Error in a future version of PHP) in D:\phpstudy_pro\WWW\plugins\static_cache\Plugin.php on line 124
[2] 2026-08-02 09:04:26: file_get_contents(D:\phpstudy_pro\WWW\data\cache\\tpl\84b4c7c4b7db6cf3f885d9d8dea2aa3a.php): failed to open stream: No such file or directory in D:\phpstudy_pro\WWW\ZhiCms\base\cache\FileCacheDriver.php on line 16
[2] 2026-08-02 09:04:27: Use of undefined constant APP_NAME - assumed 'APP_NAME' (this will throw an Error in a future version of PHP) in D:\phpstudy_pro\WWW\plugins\static_cache\Plugin.php on line 124
[2] 2026-08-02 09:04:27: file_get_contents(D:\phpstudy_pro\WWW\data\cache\\tpl\0676c271b62997cd3efdc22e2bbe3073.php): failed to open stream: No such file or directory in D:\phpstudy_pro\WWW\ZhiCms\base\cache\FileCacheDriver.php on line 16
[2] 2026-08-02 09:04:28: Use of undefined constant APP_NAME - assumed 'APP_NAME' (this will throw an Error in a future version of PHP) in D:\phpstudy_pro\WWW\plugins\static_cache\Plugin.php on line 124
[2] 2026-08-02 09:04:28: file_get_contents(D:\phpstudy_pro\WWW\data\cache\\tpl\cd43496d366648e9446045759f902c84.php): failed to open stream: No such file or directory in D:\phpstudy_pro\WWW\ZhiCms\base\cache\FileCacheDriver.php on line 16
[2] 2026-08-02 09:04:29: Use of undefined constant APP_NAME - assumed 'APP_NAME' (this will throw an Error in a future version of PHP) in D:\phpstudy_pro\WWW\plugins\static_cache\Plugin.php on line 124
[2] 2026-08-02 09:04:29: file_get_contents(D:\phpstudy_pro\WWW\data\cache\\tpl\b7531a0cf405db53ab455e0a28e2d825.php): failed to open stream: No such file or directory in D:\phpstudy_pro\WWW\ZhiCms\base\cache\FileCacheDriver.php on line 16
[2] 2026-08-02 09:04:31: Use of undefined constant APP_NAME - assumed 'APP_NAME' (this will throw an Error in a future version of PHP) in D:\phpstudy_pro\WWW\plugins\static_cache\Plugin.php on line 124
[2] 2026-08-02 09:04:31: file_get_contents(D:\phpstudy_pro\WWW\data\cache\\tpl\b8951b5fa0e1519a6a4c3d5bd058ca38.php): failed to open stream: No such file or directory in D:\phpstudy_pro\WWW\ZhiCms\base\cache\FileCacheDriver.php on line 16
[8] 2026-08-02 09:04:31: Undefined index: url in D:\phpstudy_pro\WWW\ZhiCms\base\Template.php(92) : eval()'d code on line 114
[8] 2026-08-02 09:04:31: Undefined index: url in D:\phpstudy_pro\WWW\ZhiCms\base\Template.php(92) : eval()'d code on line 114
[2] 2026-08-02 09:04:43: Use of undefined constant APP_NAME - assumed 'APP_NAME' (this will throw an Error in a future version of PHP) in D:\phpstudy_pro\WWW\plugins\static_cache\Plugin.php on line 124
[2] 2026-08-02 09:04:43: file_get_contents(D:\phpstudy_pro\WWW\data\cache\\tpl\533f4256ae42f6551dd2379519c2a24b.php): failed to open stream: No such file or directory in D:\phpstudy_pro\WWW\ZhiCms\base\cache\FileCacheDriver.php on line 16
[2] 2026-08-02 09:04:43: file_get_contents(D:\phpstudy_pro\WWW\data\cache\\tpl\b09c015327419e9797d5a09d9a600cce.php): failed to open stream: No such file or directory in D:\phpstudy_pro\WWW\ZhiCms\base\cache\FileCacheDriver.php on line 16
[2] 2026-08-02 09:04:43: file_get_contents(D:\phpstudy_pro\WWW\data\cache\\tpl\e60564b3b2e227585f9c82657b47e52a.php): failed to open stream: No such file or directory in D:\phpstudy_pro\WWW\ZhiCms\base\cache\FileCacheDriver.php on line 16
[2] 2026-08-02 09:04:43: file_get_contents(D:\phpstudy_pro\WWW\data\cache\\tpl\8a6f2498ca8752e5241250839854deb4.php): failed to open stream: No such file or directory in D:\phpstudy_pro\WWW\ZhiCms\base\cache\FileCacheDriver.php on line 16
[8] 2026-08-02 09:04:43: Undefined index: name in D:\phpstudy_pro\WWW\ZhiCms\base\Template.php(92) : eval()'d code on line 15
[8] 2026-08-02 09:04:43: Undefined index: name in D:\phpstudy_pro\WWW\ZhiCms\base\Template.php(92) : eval()'d code on line 15
[8] 2026-08-02 09:04:43: Undefined index: name in D:\phpstudy_pro\WWW\ZhiCms\base\Template.php(92) : eval()'d code on line 15
[8] 2026-08-02 09:04:43: Undefined index: name in D:\phpstudy_pro\WWW\ZhiCms\base\Template.php(92) : eval()'d code on line 15
[8] 2026-08-02 09:04:43: Undefined index: name in D:\phpstudy_pro\WWW\ZhiCms\base\Template.php(92) : eval()'d code on line 15
[8] 2026-08-02 09:04:43: Undefined index: name in D:\phpstudy_pro\WWW\ZhiCms\base\Template.php(92) : eval()'d code on line 15
[2] 2026-08-02 09:04:43: file_get_contents(D:\phpstudy_pro\WWW\data\cache\\tpl\4b82020563fadd5c676cfff98686c7e6.php): failed to open stream: No such file or directory in D:\phpstudy_pro\WWW\ZhiCms\base\cache\FileCacheDriver.php on line 16
[8] 2026-08-02 09:04:43: Undefined variable: act in D:\phpstudy_pro\WWW\ZhiCms\base\Template.php(92) : eval()'d code on line 170
[8] 2026-08-02 09:04:43: Undefined variable: act in D:\phpstudy_pro\WWW\ZhiCms\base\Template.php(92) : eval()'d code on line 174
[8] 2026-08-02 09:04:43: Undefined variable: act in D:\phpstudy_pro\WWW\ZhiCms\base\Template.php(92) : eval()'d code on line 178
[8] 2026-08-02 09:04:43: Undefined variable: act in D:\phpstudy_pro\WWW\ZhiCms\base\Template.php(92) : eval()'d code on line 182
[8] 2026-08-02 09:04:43: Undefined variable: act in D:\phpstudy_pro\WWW\ZhiCms\base\Template.php(92) : eval()'d code on line 182
[8] 2026-08-02 09:04:43: Undefined variable: act in D:\phpstudy_pro\WWW\ZhiCms\base\Template.php(92) : eval()'d code on line 186
[2] 2026-08-02 09:04:43: Use of undefined constant APP_NAME - assumed 'APP_NAME' (this will throw an Error in a future version of PHP) in D:\phpstudy_pro\WWW\plugins\static_cache\Plugin.php on line 124
[2] 2026-08-02 09:04:43: Use of undefined constant APP_NAME - assumed 'APP_NAME' (this will throw an Error in a future version of PHP) in D:\phpstudy_pro\WWW\plugins\static_cache\Plugin.php on line 124
[2] 2026-08-02 09:04:50: Use of undefined constant APP_NAME - assumed 'APP_NAME' (this will throw an Error in a future version of PHP) in D:\phpstudy_pro\WWW\plugins\static_cache\Plugin.php on line 124
[2] 2026-08-02 09:04:50: file_get_contents(D:\phpstudy_pro\WWW\data\cache\\tpl\4aecfc844d612e0b7a9090a1c93735d8.php): failed to open stream: No such file or directory in D:\phpstudy_pro\WWW\ZhiCms\base\cache\FileCacheDriver.php on line 16
[8] 2026-08-02 09:04:50: Undefined variable: act in D:\phpstudy_pro\WWW\ZhiCms\base\Template.php(92) : eval()'d code on line 170
[8] 2026-08-02 09:04:50: Undefined variable: act in D:\phpstudy_pro\WWW\ZhiCms\base\Template.php(92) : eval()'d code on line 174
[8] 2026-08-02 09:04:50: Undefined variable: act in D:\phpstudy_pro\WWW\ZhiCms\base\Template.php(92) : eval()'d code on line 178
[8] 2026-08-02 09:04:50: Undefined variable: act in D:\phpstudy_pro\WWW\ZhiCms\base\Template.php(92) : eval()'d code on line 182
[8] 2026-08-02 09:04:50: Undefined variable: act in D:\phpstudy_pro\WWW\ZhiCms\base\Template.php(92) : eval()'d code on line 182
[8] 2026-08-02 09:04:50: Undefined variable: act in D:\phpstudy_pro\WWW\ZhiCms\base\Template.php(92) : eval()'d code on line 186
[2] 2026-08-02 09:04:50: Use of undefined constant APP_NAME - assumed 'APP_NAME' (this will throw an Error in a future version of PHP) in D:\phpstudy_pro\WWW\plugins\static_cache\Plugin.php on line 124
[2] 2026-08-02 09:04:51: Use of undefined constant APP_NAME - assumed 'APP_NAME' (this will throw an Error in a future version of PHP) in D:\phpstudy_pro\WWW\plugins\static_cache\Plugin.php on line 124